event_id,start,end,duration_min,asset,cause,line
9000,2025-08-25 09:25:00,2025-08-25 10:06:00,41,Press-4,Mechanical,L3
9001,2025-08-25 05:11:00,2025-08-25 07:22:00,131,Press-6,Material Shortage,L1
9002,2025-08-25 13:06:00,2025-08-25 13:58:00,52,Press-5,Quality Hold,L3
9003,2025-08-25 07:59:00,2025-08-25 08:34:00,35,Line-3,Mechanical,L1
9004,2025-08-25 12:28:00,2025-08-25 13:48:00,80,Press-4,Quality Hold,L1
9005,2025-08-25 03:05:00,2025-08-25 03:10:00,5,Press-2,Operator,L2
9006,2025-08-26 11:31:00,2025-08-26 12:18:00,47,Press-6,Material Shortage,L1
9007,2025-08-26 07:38:00,2025-08-26 09:12:00,94,Press-5,Mechanical,L2
9008,2025-08-26 01:56:00,2025-08-26 02:38:00,42,Press-3,Operator,L1
9009,2025-08-26 03:57:00,2025-08-26 04:02:00,5,Press-3,Electrical,L2
9010,2025-08-26 05:33:00,2025-08-26 06:08:00,35,Press-2,Changeover,L2
9011,2025-08-26 08:20:00,2025-08-26 09:41:00,81,Press-3,Operator,L3
9012,2025-08-26 09:48:00,2025-08-26 10:42:00,54,Line-2,Mechanical,L1
9013,2025-08-26 12:02:00,2025-08-26 12:26:00,24,Line-2,Quality Hold,L3
9014,2025-08-26 04:00:00,2025-08-26 04:27:00,27,Line-2,Electrical,L2
9015,2025-08-26 05:01:00,2025-08-26 05:32:00,31,Line-1,Operator,L3
9016,2025-08-27 08:17:00,2025-08-27 09:11:00,54,Press-3,Mechanical,L3
9017,2025-08-27 06:25:00,2025-08-27 07:43:00,78,Press-4,Operator,L1
9018,2025-08-27 10:07:00,2025-08-27 11:18:00,71,Press-6,Material Shortage,L3
9019,2025-08-27 08:05:00,2025-08-27 09:01:00,56,Line-3,Operator,L2
9020,2025-08-27 03:34:00,2025-08-27 03:45:00,11,Press-5,Quality Hold,L3
9021,2025-08-27 10:08:00,2025-08-27 10:19:00,11,Press-1,Operator,L3
9022,2025-08-27 10:15:00,2025-08-27 11:13:00,58,Press-2,Mechanical,L2
9023,2025-08-27 14:53:00,2025-08-27 15:04:00,11,Press-5,Operator,L3
9024,2025-08-27 09:57:00,2025-08-27 10:36:00,39,Press-6,Quality Hold,L2
9025,2025-08-28 06:41:00,2025-08-28 07:33:00,52,Press-1,Changeover,L3
9026,2025-08-28 11:28:00,2025-08-28 11:44:00,16,Press-4,Quality Hold,L2
9027,2025-08-28 04:21:00,2025-08-28 04:40:00,19,Line-3,Mechanical,L3
9028,2025-08-28 04:17:00,2025-08-28 04:59:00,42,Press-3,Material Shortage,L2
9029,2025-08-28 17:09:00,2025-08-28 18:06:00,57,Line-2,Operator,L2
9030,2025-08-28 08:11:00,2025-08-28 09:22:00,71,Press-1,Mechanical,L2
9031,2025-08-28 12:58:00,2025-08-28 13:58:00,60,Press-7,Electrical,L2
9032,2025-08-29 12:34:00,2025-08-29 13:20:00,46,Press-7,Changeover,L3
9033,2025-08-29 02:39:00,2025-08-29 03:05:00,26,Press-6,Electrical,L2
9034,2025-08-29 03:08:00,2025-08-29 03:26:00,18,Press-7,Quality Hold,L1
9035,2025-08-29 04:44:00,2025-08-29 05:16:00,32,Line-2,Material Shortage,L3
9036,2025-08-29 14:35:00,2025-08-29 15:30:00,55,Line-3,Changeover,L3
9037,2025-08-29 04:20:00,2025-08-29 05:13:00,53,Press-1,Changeover,L3
9038,2025-08-29 03:10:00,2025-08-29 03:15:00,5,Press-1,Mechanical,L3
9039,2025-08-29 15:08:00,2025-08-29 15:33:00,25,Line-3,Quality Hold,L2
9040,2025-08-29 03:36:00,2025-08-29 04:51:00,75,Press-5,Material Shortage,L3
9041,2025-08-29 07:47:00,2025-08-29 08:33:00,46,Press-6,Quality Hold,L2
9042,2025-08-29 12:05:00,2025-08-29 12:14:00,9,Press-2,Material Shortage,L1
9043,2025-08-30 07:58:00,2025-08-30 09:41:00,103,Press-6,Mechanical,L2
9044,2025-08-30 06:49:00,2025-08-30 07:33:00,44,Line-2,Quality Hold,L1
9045,2025-08-30 05:41:00,2025-08-30 06:35:00,54,Press-7,Mechanical,L2
9046,2025-08-30 07:04:00,2025-08-30 07:58:00,54,Press-6,Operator,L3
9047,2025-08-30 07:38:00,2025-08-30 08:13:00,35,Press-1,Operator,L1
9048,2025-08-30 09:49:00,2025-08-30 10:15:00,26,Press-1,Electrical,L3
9049,2025-08-30 03:38:00,2025-08-30 05:16:00,98,Press-7,Material Shortage,L1
9050,2025-08-30 16:31:00,2025-08-30 17:41:00,70,Press-7,Quality Hold,L3
9051,2025-08-30 02:56:00,2025-08-30 04:01:00,65,Press-3,Changeover,L2
9052,2025-08-30 09:20:00,2025-08-30 10:19:00,59,Press-1,Quality Hold,L1
9053,2025-08-30 09:16:00,2025-08-30 09:35:00,19,Line-1,Changeover,L3
9054,2025-08-30 17:50:00,2025-08-30 19:06:00,76,Press-1,Mechanical,L2
9055,2025-08-31 08:57:00,2025-08-31 09:20:00,23,Line-3,Changeover,L3
9056,2025-08-31 08:42:00,2025-08-31 09:34:00,52,Press-6,Material Shortage,L1
9057,2025-08-31 07:03:00,2025-08-31 07:08:00,5,Press-5,Changeover,L1
9058,2025-08-31 12:29:00,2025-08-31 12:34:00,5,Press-6,Operator,L2
9059,2025-08-31 03:24:00,2025-08-31 04:16:00,52,Press-3,Electrical,L1
9060,2025-08-31 03:57:00,2025-08-31 04:21:00,24,Press-7,Operator,L2
9061,2025-08-31 14:42:00,2025-08-31 14:47:00,5,Line-3,Electrical,L2
9062,2025-08-31 10:22:00,2025-08-31 11:20:00,58,Press-6,Changeover,L3
9063,2025-09-01 11:00:00,2025-09-01 12:38:00,98,Press-7,Material Shortage,L2
9064,2025-09-01 05:10:00,2025-09-01 06:29:00,79,Press-4,Mechanical,L1
9065,2025-09-01 16:36:00,2025-09-01 17:14:00,38,Press-2,Mechanical,L1
9066,2025-09-01 15:00:00,2025-09-01 15:45:00,45,Line-3,Operator,L1
9067,2025-09-01 15:33:00,2025-09-01 16:40:00,67,Press-6,Mechanical,L3
9068,2025-09-01 16:27:00,2025-09-01 17:40:00,73,Press-4,Quality Hold,L2
9069,2025-09-01 02:06:00,2025-09-01 02:42:00,36,Press-7,Operator,L2
9070,2025-09-01 14:09:00,2025-09-01 14:54:00,45,Line-2,Quality Hold,L2
9071,2025-09-01 12:58:00,2025-09-01 13:50:00,52,Press-6,Operator,L1
9072,2025-09-01 12:27:00,2025-09-01 13:25:00,58,Line-2,Electrical,L3
9073,2025-09-01 06:20:00,2025-09-01 07:01:00,41,Press-5,Mechanical,L1
9074,2025-09-02 01:38:00,2025-09-02 02:19:00,41,Press-5,Changeover,L2
9075,2025-09-02 05:34:00,2025-09-02 06:53:00,79,Press-5,Operator,L2
9076,2025-09-02 05:32:00,2025-09-02 06:47:00,75,Press-2,Operator,L1
9077,2025-09-02 05:39:00,2025-09-02 06:35:00,56,Press-4,Changeover,L3
9078,2025-09-02 02:47:00,2025-09-02 04:14:00,87,Press-2,Material Shortage,L3
9079,2025-09-03 07:21:00,2025-09-03 07:56:00,35,Press-1,Mechanical,L3
9080,2025-09-03 02:18:00,2025-09-03 03:43:00,85,Press-6,Quality Hold,L1
9081,2025-09-03 17:19:00,2025-09-03 18:17:00,58,Press-1,Operator,L1
9082,2025-09-03 03:04:00,2025-09-03 05:10:00,126,Press-4,Operator,L1
9083,2025-09-03 12:23:00,2025-09-03 12:38:00,15,Line-3,Material Shortage,L3
9084,2025-09-04 12:02:00,2025-09-04 12:29:00,27,Press-7,Operator,L2
9085,2025-09-04 04:03:00,2025-09-04 04:58:00,55,Press-4,Quality Hold,L1
9086,2025-09-04 01:04:00,2025-09-04 01:58:00,54,Press-7,Changeover,L3
9087,2025-09-04 08:24:00,2025-09-04 09:57:00,93,Press-5,Quality Hold,L3
9088,2025-09-04 02:23:00,2025-09-04 02:51:00,28,Press-1,Electrical,L1
9089,2025-09-04 13:43:00,2025-09-04 14:50:00,67,Line-3,Material Shortage,L2
9090,2025-09-04 01:15:00,2025-09-04 02:29:00,74,Press-5,Material Shortage,L2
9091,2025-09-04 02:38:00,2025-09-04 03:40:00,62,Line-2,Material Shortage,L3
9092,2025-09-04 11:04:00,2025-09-04 11:24:00,20,Line-3,Changeover,L2
9093,2025-09-05 03:44:00,2025-09-05 05:04:00,80,Line-2,Electrical,L1
9094,2025-09-05 04:15:00,2025-09-05 05:30:00,75,Press-4,Material Shortage,L1
9095,2025-09-05 02:35:00,2025-09-05 03:34:00,59,Line-1,Mechanical,L3
9096,2025-09-05 07:27:00,2025-09-05 08:17:00,50,Press-7,Electrical,L3
9097,2025-09-05 11:20:00,2025-09-05 12:10:00,50,Press-3,Material Shortage,L3
9098,2025-09-05 11:43:00,2025-09-05 12:26:00,43,Line-3,Quality Hold,L3
9099,2025-09-05 14:26:00,2025-09-05 15:27:00,61,Press-7,Mechanical,L2
9100,2025-09-06 01:55:00,2025-09-06 02:40:00,45,Press-4,Operator,L3
9101,2025-09-06 07:53:00,2025-09-06 08:16:00,23,Line-2,Electrical,L2
9102,2025-09-06 10:38:00,2025-09-06 10:56:00,18,Line-2,Operator,L1
9103,2025-09-06 14:26:00,2025-09-06 14:52:00,26,Line-1,Material Shortage,L3
9104,2025-09-06 04:44:00,2025-09-06 05:34:00,50,Press-3,Material Shortage,L1
9105,2025-09-06 04:43:00,2025-09-06 05:27:00,44,Line-3,Operator,L1
9106,2025-09-07 10:34:00,2025-09-07 11:24:00,50,Press-6,Electrical,L1
9107,2025-09-07 03:18:00,2025-09-07 04:15:00,57,Press-6,Quality Hold,L2
9108,2025-09-07 04:06:00,2025-09-07 04:35:00,29,Press-2,Changeover,L3
9109,2025-09-07 01:38:00,2025-09-07 02:59:00,81,Press-7,Operator,L1
9110,2025-09-07 02:04:00,2025-09-07 02:42:00,38,Line-3,Changeover,L3
9111,2025-09-07 15:51:00,2025-09-07 16:25:00,34,Line-3,Quality Hold,L3
9112,2025-09-07 02:34:00,2025-09-07 03:31:00,57,Press-1,Operator,L1
9113,2025-09-08 04:36:00,2025-09-08 04:41:00,5,Line-2,Operator,L2
9114,2025-09-08 03:11:00,2025-09-08 03:36:00,25,Press-2,Quality Hold,L3
9115,2025-09-08 03:17:00,2025-09-08 04:26:00,69,Press-3,Quality Hold,L2
9116,2025-09-08 10:57:00,2025-09-08 11:02:00,5,Press-4,Operator,L1
9117,2025-09-08 16:22:00,2025-09-08 17:34:00,72,Line-2,Material Shortage,L1
9118,2025-09-08 04:30:00,2025-09-08 05:52:00,82,Line-2,Electrical,L1
9119,2025-09-08 10:59:00,2025-09-08 11:34:00,35,Press-2,Changeover,L1
9120,2025-09-08 16:31:00,2025-09-08 17:23:00,52,Line-1,Electrical,L1
9121,2025-09-08 17:52:00,2025-09-08 19:04:00,72,Press-4,Mechanical,L2
9122,2025-09-08 15:51:00,2025-09-08 16:24:00,33,Line-2,Changeover,L1
9123,2025-09-08 06:25:00,2025-09-08 07:31:00,66,Line-3,Operator,L3
9124,2025-09-09 17:36:00,2025-09-09 18:04:00,28,Press-7,Quality Hold,L3
9125,2025-09-09 16:26:00,2025-09-09 16:59:00,33,Press-6,Material Shortage,L3
9126,2025-09-09 14:40:00,2025-09-09 15:05:00,25,Press-1,Changeover,L2
9127,2025-09-09 07:18:00,2025-09-09 08:11:00,53,Press-2,Changeover,L2
9128,2025-09-09 03:38:00,2025-09-09 04:51:00,73,Press-6,Material Shortage,L1
9129,2025-09-09 03:29:00,2025-09-09 04:09:00,40,Press-3,Changeover,L1
9130,2025-09-09 01:33:00,2025-09-09 01:46:00,13,Press-6,Material Shortage,L3
9131,2025-09-09 16:38:00,2025-09-09 16:55:00,17,Press-2,Electrical,L3
9132,2025-09-09 15:05:00,2025-09-09 15:59:00,54,Press-7,Operator,L3
9133,2025-09-09 12:33:00,2025-09-09 14:04:00,91,Press-4,Quality Hold,L3
9134,2025-09-09 09:30:00,2025-09-09 10:24:00,54,Line-3,Quality Hold,L3
9135,2025-09-09 16:16:00,2025-09-09 16:51:00,35,Press-3,Mechanical,L2
9136,2025-09-10 12:17:00,2025-09-10 13:21:00,64,Press-4,Operator,L2
9137,2025-09-10 07:54:00,2025-09-10 08:33:00,39,Press-7,Quality Hold,L2
9138,2025-09-10 11:13:00,2025-09-10 11:48:00,35,Press-5,Operator,L1
9139,2025-09-10 11:43:00,2025-09-10 12:04:00,21,Press-3,Mechanical,L3
9140,2025-09-10 13:46:00,2025-09-10 15:06:00,80,Press-4,Quality Hold,L2
9141,2025-09-10 10:30:00,2025-09-10 10:35:00,5,Press-2,Changeover,L1
9142,2025-09-11 14:36:00,2025-09-11 15:40:00,64,Press-1,Changeover,L2
9143,2025-09-11 10:24:00,2025-09-11 10:57:00,33,Press-6,Material Shortage,L1
9144,2025-09-11 02:39:00,2025-09-11 03:13:00,34,Press-3,Changeover,L2
9145,2025-09-11 03:49:00,2025-09-11 05:16:00,87,Press-4,Material Shortage,L1
9146,2025-09-11 16:54:00,2025-09-11 17:21:00,27,Line-3,Changeover,L3
9147,2025-09-11 05:29:00,2025-09-11 05:56:00,27,Press-7,Changeover,L3
9148,2025-09-11 09:01:00,2025-09-11 09:42:00,41,Press-6,Changeover,L3
9149,2025-09-11 14:44:00,2025-09-11 15:39:00,55,Line-3,Mechanical,L2
9150,2025-09-11 16:17:00,2025-09-11 16:50:00,33,Press-6,Mechanical,L2
9151,2025-09-11 07:09:00,2025-09-11 07:14:00,5,Press-4,Operator,L1
9152,2025-09-11 04:23:00,2025-09-11 04:46:00,23,Line-2,Quality Hold,L1
9153,2025-09-12 16:01:00,2025-09-12 17:18:00,77,Press-7,Electrical,L1
9154,2025-09-12 02:28:00,2025-09-12 03:14:00,46,Press-3,Changeover,L1
9155,2025-09-12 17:21:00,2025-09-12 18:17:00,56,Press-5,Quality Hold,L1
9156,2025-09-12 05:40:00,2025-09-12 06:18:00,38,Press-5,Quality Hold,L2
9157,2025-09-12 12:40:00,2025-09-12 13:08:00,28,Press-7,Mechanical,L2
9158,2025-09-12 10:45:00,2025-09-12 12:11:00,86,Line-3,Material Shortage,L2
9159,2025-09-13 12:52:00,2025-09-13 13:32:00,40,Line-2,Operator,L1
9160,2025-09-13 16:24:00,2025-09-13 16:57:00,33,Line-3,Mechanical,L2
9161,2025-09-13 12:08:00,2025-09-13 13:20:00,72,Press-2,Operator,L3
9162,2025-09-13 01:01:00,2025-09-13 01:27:00,26,Press-5,Electrical,L2
9163,2025-09-13 11:58:00,2025-09-13 12:28:00,30,Line-3,Operator,L1
9164,2025-09-14 03:30:00,2025-09-14 04:15:00,45,Press-3,Changeover,L1
9165,2025-09-14 14:54:00,2025-09-14 15:39:00,45,Line-3,Changeover,L2
9166,2025-09-14 04:25:00,2025-09-14 05:16:00,51,Press-6,Electrical,L2
9167,2025-09-14 07:22:00,2025-09-14 08:59:00,97,Line-1,Material Shortage,L3
9168,2025-09-14 06:06:00,2025-09-14 06:59:00,53,Line-3,Mechanical,L2
9169,2025-09-14 06:29:00,2025-09-14 06:34:00,5,Press-1,Changeover,L2
9170,2025-09-15 14:53:00,2025-09-15 15:46:00,53,Press-4,Operator,L2
9171,2025-09-15 11:18:00,2025-09-15 12:03:00,45,Press-1,Mechanical,L3
9172,2025-09-15 07:02:00,2025-09-15 07:48:00,46,Line-3,Changeover,L2
9173,2025-09-15 09:44:00,2025-09-15 10:35:00,51,Line-3,Mechanical,L3
9174,2025-09-15 13:19:00,2025-09-15 14:03:00,44,Line-1,Operator,L2
9175,2025-09-16 17:29:00,2025-09-16 18:12:00,43,Press-1,Operator,L1
9176,2025-09-16 14:40:00,2025-09-16 15:40:00,60,Line-1,Quality Hold,L3
9177,2025-09-16 17:49:00,2025-09-16 18:20:00,31,Press-7,Mechanical,L1
9178,2025-09-16 15:26:00,2025-09-16 15:47:00,21,Press-3,Operator,L3
9179,2025-09-16 15:47:00,2025-09-16 17:47:00,120,Line-2,Material Shortage,L2
9180,2025-09-16 03:22:00,2025-09-16 03:49:00,27,Line-1,Quality Hold,L3
9181,2025-09-16 07:12:00,2025-09-16 07:59:00,47,Press-2,Operator,L2
9182,2025-09-16 01:14:00,2025-09-16 01:21:00,7,Press-7,Operator,L2
9183,2025-09-16 12:53:00,2025-09-16 13:40:00,47,Press-3,Material Shortage,L3
9184,2025-09-16 02:24:00,2025-09-16 02:45:00,21,Press-7,Operator,L3
9185,2025-09-16 08:44:00,2025-09-16 09:17:00,33,Press-2,Mechanical,L3
9186,2025-09-17 14:21:00,2025-09-17 15:32:00,71,Press-1,Changeover,L2
9187,2025-09-17 17:37:00,2025-09-17 18:33:00,56,Line-3,Electrical,L2
9188,2025-09-17 03:24:00,2025-09-17 04:23:00,59,Press-6,Mechanical,L1
9189,2025-09-17 12:05:00,2025-09-17 12:10:00,5,Press-7,Electrical,L2
9190,2025-09-17 09:06:00,2025-09-17 10:36:00,90,Press-3,Quality Hold,L2
9191,2025-09-17 02:46:00,2025-09-17 03:01:00,15,Line-3,Mechanical,L2
9192,2025-09-17 06:43:00,2025-09-17 08:06:00,83,Press-4,Operator,L2
9193,2025-09-18 01:14:00,2025-09-18 02:24:00,70,Line-3,Quality Hold,L1
9194,2025-09-18 16:51:00,2025-09-18 17:50:00,59,Line-1,Mechanical,L2
9195,2025-09-18 03:15:00,2025-09-18 03:38:00,23,Press-3,Operator,L2
9196,2025-09-18 10:46:00,2025-09-18 11:34:00,48,Press-4,Electrical,L3
9197,2025-09-18 17:14:00,2025-09-18 17:47:00,33,Press-2,Operator,L3
9198,2025-09-18 04:39:00,2025-09-18 05:24:00,45,Line-1,Electrical,L1
9199,2025-09-18 05:16:00,2025-09-18 05:54:00,38,Line-2,Operator,L2
9200,2025-09-18 14:20:00,2025-09-18 14:25:00,5,Line-2,Material Shortage,L2
9201,2025-09-18 08:45:00,2025-09-18 09:58:00,73,Press-2,Material Shortage,L2
9202,2025-09-19 13:04:00,2025-09-19 13:46:00,42,Press-1,Quality Hold,L1
9203,2025-09-19 08:58:00,2025-09-19 09:30:00,32,Press-2,Electrical,L2
9204,2025-09-19 09:23:00,2025-09-19 09:53:00,30,Press-3,Electrical,L1
9205,2025-09-19 02:47:00,2025-09-19 03:40:00,53,Press-4,Changeover,L3
9206,2025-09-19 07:47:00,2025-09-19 08:09:00,22,Press-3,Electrical,L1
9207,2025-09-19 07:36:00,2025-09-19 07:41:00,5,Line-2,Operator,L1
9208,2025-09-19 15:59:00,2025-09-19 16:54:00,55,Press-4,Material Shortage,L2
9209,2025-09-20 14:21:00,2025-09-20 15:18:00,57,Press-2,Mechanical,L3
9210,2025-09-20 03:25:00,2025-09-20 04:05:00,40,Press-5,Operator,L3
9211,2025-09-20 02:04:00,2025-09-20 02:20:00,16,Press-5,Electrical,L3
9212,2025-09-20 06:03:00,2025-09-20 06:50:00,47,Press-6,Quality Hold,L2
9213,2025-09-20 15:58:00,2025-09-20 16:06:00,8,Line-2,Operator,L2
9214,2025-09-20 01:16:00,2025-09-20 01:35:00,19,Line-3,Quality Hold,L1
9215,2025-09-21 02:39:00,2025-09-21 03:05:00,26,Line-3,Quality Hold,L1
9216,2025-09-21 14:08:00,2025-09-21 15:14:00,66,Press-7,Changeover,L3
9217,2025-09-21 15:49:00,2025-09-21 16:24:00,35,Press-3,Mechanical,L2
9218,2025-09-21 16:01:00,2025-09-21 16:34:00,33,Press-6,Electrical,L2
9219,2025-09-21 08:41:00,2025-09-21 10:14:00,93,Line-2,Electrical,L2
9220,2025-09-21 06:10:00,2025-09-21 07:03:00,53,Press-4,Quality Hold,L1
9221,2025-09-21 03:48:00,2025-09-21 04:41:00,53,Press-3,Quality Hold,L3
9222,2025-09-21 01:26:00,2025-09-21 02:01:00,35,Press-5,Quality Hold,L2
9223,2025-09-21 07:36:00,2025-09-21 08:06:00,30,Press-2,Electrical,L3
9224,2025-09-21 16:29:00,2025-09-21 16:34:00,5,Press-6,Mechanical,L2
9225,2025-09-21 16:10:00,2025-09-21 17:19:00,69,Press-6,Changeover,L1
9226,2025-09-21 01:12:00,2025-09-21 02:08:00,56,Press-4,Changeover,L2
9227,2025-09-22 02:23:00,2025-09-22 03:03:00,40,Press-7,Electrical,L1
9228,2025-09-22 10:28:00,2025-09-22 11:09:00,41,Line-2,Mechanical,L1
9229,2025-09-22 03:28:00,2025-09-22 04:31:00,63,Line-2,Mechanical,L2
9230,2025-09-22 02:15:00,2025-09-22 02:21:00,6,Press-3,Mechanical,L3
9231,2025-09-22 11:09:00,2025-09-22 11:39:00,30,Press-5,Quality Hold,L3
9232,2025-09-22 06:01:00,2025-09-22 06:17:00,16,Press-5,Operator,L3
9233,2025-09-22 05:03:00,2025-09-22 06:32:00,89,Press-1,Quality Hold,L1
9234,2025-09-22 16:20:00,2025-09-22 17:26:00,66,Line-3,Electrical,L3
9235,2025-09-22 06:12:00,2025-09-22 06:17:00,5,Press-3,Material Shortage,L3
9236,2025-09-22 13:07:00,2025-09-22 13:14:00,7,Press-7,Material Shortage,L2
9237,2025-09-22 01:34:00,2025-09-22 02:15:00,41,Press-6,Quality Hold,L3
9238,2025-09-22 04:35:00,2025-09-22 05:08:00,33,Line-1,Operator,L3
9239,2025-09-23 04:50:00,2025-09-23 05:01:00,11,Press-2,Mechanical,L1
9240,2025-09-23 15:29:00,2025-09-23 17:02:00,93,Press-4,Operator,L3
9241,2025-09-23 07:55:00,2025-09-23 08:47:00,52,Press-7,Quality Hold,L2
9242,2025-09-23 02:43:00,2025-09-23 03:39:00,56,Press-7,Electrical,L1
9243,2025-09-23 09:35:00,2025-09-23 10:02:00,27,Press-2,Electrical,L2
9244,2025-09-23 12:31:00,2025-09-23 13:34:00,63,Press-7,Mechanical,L1
9245,2025-09-23 02:07:00,2025-09-23 02:42:00,35,Line-2,Quality Hold,L3
9246,2025-09-23 06:17:00,2025-09-23 06:54:00,37,Press-5,Changeover,L2
9247,2025-09-24 13:52:00,2025-09-24 14:52:00,60,Press-5,Operator,L1
9248,2025-09-24 03:56:00,2025-09-24 04:01:00,5,Press-4,Changeover,L2
9249,2025-09-24 10:33:00,2025-09-24 11:57:00,84,Press-7,Operator,L3
9250,2025-09-24 16:01:00,2025-09-24 16:50:00,49,Press-1,Changeover,L1
9251,2025-09-24 09:57:00,2025-09-24 11:14:00,77,Press-7,Electrical,L1
9252,2025-09-24 12:28:00,2025-09-24 12:46:00,18,Press-5,Operator,L3
9253,2025-09-24 10:11:00,2025-09-24 10:32:00,21,Press-4,Changeover,L3
9254,2025-09-24 03:33:00,2025-09-24 03:48:00,15,Press-4,Operator,L1
9255,2025-09-24 03:32:00,2025-09-24 04:23:00,51,Press-6,Mechanical,L3
9256,2025-09-24 03:58:00,2025-09-24 04:44:00,46,Press-7,Electrical,L3
9257,2025-09-25 16:08:00,2025-09-25 16:41:00,33,Press-3,Mechanical,L1
9258,2025-09-25 08:50:00,2025-09-25 09:09:00,19,Press-5,Material Shortage,L1
9259,2025-09-25 11:52:00,2025-09-25 12:05:00,13,Press-7,Electrical,L1
9260,2025-09-25 14:24:00,2025-09-25 15:07:00,43,Press-1,Operator,L1
9261,2025-09-25 01:31:00,2025-09-25 02:04:00,33,Press-7,Electrical,L3
9262,2025-09-25 08:12:00,2025-09-25 08:39:00,27,Press-2,Changeover,L2
9263,2025-09-25 06:02:00,2025-09-25 07:25:00,83,Press-1,Quality Hold,L1
9264,2025-09-25 05:06:00,2025-09-25 05:48:00,42,Press-6,Quality Hold,L3
9265,2025-09-25 10:35:00,2025-09-25 11:51:00,76,Press-7,Changeover,L1
9266,2025-09-26 16:40:00,2025-09-26 17:11:00,31,Press-4,Mechanical,L1
9267,2025-09-26 06:21:00,2025-09-26 07:12:00,51,Press-6,Changeover,L3
9268,2025-09-26 17:29:00,2025-09-26 18:12:00,43,Press-3,Quality Hold,L1
9269,2025-09-26 02:19:00,2025-09-26 02:24:00,5,Press-7,Operator,L1
9270,2025-09-26 04:31:00,2025-09-26 05:51:00,80,Line-3,Operator,L2
9271,2025-09-26 17:07:00,2025-09-26 17:48:00,41,Press-7,Operator,L3
9272,2025-09-27 05:32:00,2025-09-27 06:35:00,63,Press-5,Quality Hold,L1
9273,2025-09-27 10:21:00,2025-09-27 10:47:00,26,Press-2,Quality Hold,L1
9274,2025-09-27 15:35:00,2025-09-27 16:15:00,40,Line-2,Electrical,L1
9275,2025-09-27 15:20:00,2025-09-27 15:43:00,23,Press-1,Mechanical,L2
9276,2025-09-27 03:34:00,2025-09-27 04:49:00,75,Press-7,Quality Hold,L3
9277,2025-09-28 09:20:00,2025-09-28 10:12:00,52,Press-6,Mechanical,L2
9278,2025-09-28 08:41:00,2025-09-28 09:35:00,54,Press-2,Operator,L1
9279,2025-09-28 04:53:00,2025-09-28 06:11:00,78,Press-2,Mechanical,L3
9280,2025-09-28 01:56:00,2025-09-28 03:09:00,73,Press-3,Electrical,L2
9281,2025-09-28 10:49:00,2025-09-28 11:53:00,64,Press-7,Material Shortage,L1
9282,2025-09-28 16:22:00,2025-09-28 16:31:00,9,Press-1,Mechanical,L3
9283,2025-09-28 03:30:00,2025-09-28 03:57:00,27,Press-6,Mechanical,L3
9284,2025-09-29 07:58:00,2025-09-29 08:17:00,19,Press-3,Material Shortage,L2
9285,2025-09-29 16:25:00,2025-09-29 17:28:00,63,Press-4,Material Shortage,L2
9286,2025-09-29 13:54:00,2025-09-29 14:43:00,49,Line-2,Electrical,L3
9287,2025-09-29 05:40:00,2025-09-29 05:50:00,10,Press-5,Material Shortage,L3
9288,2025-09-29 16:55:00,2025-09-29 17:35:00,40,Press-7,Quality Hold,L3
9289,2025-09-29 16:18:00,2025-09-29 16:25:00,7,Press-2,Mechanical,L1
9290,2025-09-29 08:08:00,2025-09-29 08:51:00,43,Press-6,Quality Hold,L1
9291,2025-09-29 03:00:00,2025-09-29 03:05:00,5,Press-6,Electrical,L1
9292,2025-09-29 11:43:00,2025-09-29 12:41:00,58,Press-7,Mechanical,L1
9293,2025-09-29 07:58:00,2025-09-29 08:52:00,54,Press-4,Mechanical,L3
9294,2025-09-30 10:05:00,2025-09-30 11:37:00,92,Press-2,Quality Hold,L1
9295,2025-09-30 02:40:00,2025-09-30 03:46:00,66,Press-3,Material Shortage,L2
9296,2025-09-30 06:24:00,2025-09-30 06:58:00,34,Press-2,Mechanical,L3
9297,2025-09-30 13:34:00,2025-09-30 14:39:00,65,Line-2,Material Shortage,L1
9298,2025-09-30 17:12:00,2025-09-30 17:22:00,10,Press-4,Changeover,L2
9299,2025-09-30 08:09:00,2025-09-30 08:29:00,20,Press-7,Material Shortage,L1
9300,2025-10-01 06:53:00,2025-10-01 07:46:00,53,Press-6,Changeover,L1
9301,2025-10-01 03:11:00,2025-10-01 03:16:00,5,Line-3,Material Shortage,L3
9302,2025-10-01 04:06:00,2025-10-01 04:50:00,44,Press-3,Material Shortage,L2
9303,2025-10-01 03:51:00,2025-10-01 04:10:00,19,Press-2,Mechanical,L1
9304,2025-10-01 12:05:00,2025-10-01 12:52:00,47,Press-1,Mechanical,L3
9305,2025-10-01 07:20:00,2025-10-01 07:38:00,18,Press-3,Material Shortage,L2
9306,2025-10-01 06:16:00,2025-10-01 07:11:00,55,Line-1,Material Shortage,L1
9307,2025-10-01 09:45:00,2025-10-01 10:30:00,45,Line-2,Changeover,L3
9308,2025-10-02 15:25:00,2025-10-02 16:45:00,80,Line-2,Material Shortage,L1
9309,2025-10-02 16:33:00,2025-10-02 17:18:00,45,Line-1,Quality Hold,L2
9310,2025-10-02 08:28:00,2025-10-02 08:53:00,25,Line-2,Changeover,L3
9311,2025-10-02 14:31:00,2025-10-02 15:09:00,38,Press-7,Changeover,L3
9312,2025-10-02 11:30:00,2025-10-02 11:41:00,11,Line-3,Quality Hold,L2
9313,2025-10-02 04:59:00,2025-10-02 05:54:00,55,Press-7,Quality Hold,L2
9314,2025-10-02 14:12:00,2025-10-02 15:11:00,59,Press-6,Changeover,L3
9315,2025-10-02 03:33:00,2025-10-02 05:19:00,106,Line-2,Material Shortage,L2
9316,2025-10-02 04:56:00,2025-10-02 05:25:00,29,Line-1,Material Shortage,L1
9317,2025-10-02 13:58:00,2025-10-02 14:36:00,38,Press-4,Material Shortage,L2
9318,2025-10-03 09:08:00,2025-10-03 09:38:00,30,Press-3,Electrical,L1
9319,2025-10-03 07:30:00,2025-10-03 08:20:00,50,Press-2,Electrical,L3
9320,2025-10-03 01:26:00,2025-10-03 02:20:00,54,Line-3,Material Shortage,L3
9321,2025-10-03 02:47:00,2025-10-03 03:30:00,43,Press-7,Quality Hold,L3
9322,2025-10-03 17:32:00,2025-10-03 18:44:00,72,Line-1,Mechanical,L3
9323,2025-10-03 02:42:00,2025-10-03 03:11:00,29,Press-3,Mechanical,L3
9324,2025-10-03 17:08:00,2025-10-03 18:17:00,69,Press-4,Changeover,L3
9325,2025-10-03 01:31:00,2025-10-03 02:29:00,58,Press-3,Material Shortage,L1
9326,2025-10-03 07:20:00,2025-10-03 08:04:00,44,Press-7,Electrical,L1
9327,2025-10-04 17:36:00,2025-10-04 18:13:00,37,Press-4,Electrical,L1
9328,2025-10-04 02:53:00,2025-10-04 04:38:00,105,Line-3,Material Shortage,L1
9329,2025-10-04 10:06:00,2025-10-04 10:30:00,24,Press-5,Material Shortage,L1
9330,2025-10-04 05:10:00,2025-10-04 06:02:00,52,Press-7,Quality Hold,L3
9331,2025-10-04 16:50:00,2025-10-04 17:16:00,26,Line-2,Operator,L2
9332,2025-10-04 09:05:00,2025-10-04 10:34:00,89,Press-6,Quality Hold,L3
9333,2025-10-05 13:51:00,2025-10-05 14:58:00,67,Press-7,Material Shortage,L1
9334,2025-10-05 02:52:00,2025-10-05 03:20:00,28,Press-6,Material Shortage,L1
9335,2025-10-05 14:27:00,2025-10-05 15:24:00,57,Line-3,Operator,L2
9336,2025-10-05 15:50:00,2025-10-05 16:41:00,51,Line-1,Mechanical,L1
9337,2025-10-05 04:53:00,2025-10-05 05:25:00,32,Press-1,Quality Hold,L3
9338,2025-10-05 02:49:00,2025-10-05 03:52:00,63,Line-1,Electrical,L1
9339,2025-10-05 10:37:00,2025-10-05 11:31:00,54,Press-5,Changeover,L3
9340,2025-10-05 08:10:00,2025-10-05 09:00:00,50,Line-3,Quality Hold,L1
9341,2025-10-05 13:18:00,2025-10-05 14:01:00,43,Press-5,Changeover,L3
9342,2025-10-05 04:14:00,2025-10-05 05:09:00,55,Press-2,Changeover,L3
9343,2025-10-06 05:12:00,2025-10-06 06:02:00,50,Press-5,Changeover,L1
9344,2025-10-06 13:30:00,2025-10-06 14:16:00,46,Press-4,Changeover,L2
9345,2025-10-06 13:46:00,2025-10-06 14:14:00,28,Press-3,Material Shortage,L1
9346,2025-10-06 04:03:00,2025-10-06 05:30:00,87,Press-2,Operator,L1
9347,2025-10-06 09:21:00,2025-10-06 09:39:00,18,Press-6,Operator,L3
9348,2025-10-06 07:52:00,2025-10-06 08:47:00,55,Press-3,Mechanical,L1
9349,2025-10-07 17:54:00,2025-10-07 18:30:00,36,Press-4,Electrical,L2
9350,2025-10-07 11:48:00,2025-10-07 13:16:00,88,Press-7,Operator,L2
9351,2025-10-07 04:55:00,2025-10-07 05:17:00,22,Line-1,Changeover,L3
9352,2025-10-07 04:42:00,2025-10-07 05:08:00,26,Press-6,Operator,L1
9353,2025-10-07 04:41:00,2025-10-07 05:01:00,20,Line-1,Quality Hold,L1
9354,2025-10-07 03:16:00,2025-10-07 04:09:00,53,Line-2,Changeover,L1
9355,2025-10-08 03:13:00,2025-10-08 03:23:00,10,Press-1,Changeover,L3
9356,2025-10-08 11:26:00,2025-10-08 11:59:00,33,Press-4,Mechanical,L1
9357,2025-10-08 12:52:00,2025-10-08 12:57:00,5,Press-5,Mechanical,L2
9358,2025-10-08 07:14:00,2025-10-08 08:05:00,51,Line-3,Material Shortage,L3
9359,2025-10-08 06:28:00,2025-10-08 07:00:00,32,Press-4,Material Shortage,L2
9360,2025-10-08 09:29:00,2025-10-08 09:36:00,7,Press-3,Mechanical,L2
9361,2025-10-08 15:26:00,2025-10-08 16:38:00,72,Press-4,Mechanical,L3
9362,2025-10-08 08:39:00,2025-10-08 08:51:00,12,Line-1,Operator,L1
9363,2025-10-08 15:12:00,2025-10-08 16:16:00,64,Line-1,Material Shortage,L3
9364,2025-10-08 16:04:00,2025-10-08 16:31:00,27,Press-7,Electrical,L3
9365,2025-10-08 07:47:00,2025-10-08 09:12:00,85,Press-7,Mechanical,L2
9366,2025-10-08 05:19:00,2025-10-08 06:22:00,63,Press-5,Material Shortage,L2
9367,2025-10-09 08:56:00,2025-10-09 09:15:00,19,Line-3,Operator,L2
9368,2025-10-09 06:26:00,2025-10-09 06:48:00,22,Press-1,Material Shortage,L1
9369,2025-10-09 05:38:00,2025-10-09 06:38:00,60,Press-7,Quality Hold,L2
9370,2025-10-09 06:49:00,2025-10-09 07:27:00,38,Press-1,Operator,L3
9371,2025-10-09 06:34:00,2025-10-09 07:14:00,40,Press-7,Material Shortage,L1
9372,2025-10-09 02:25:00,2025-10-09 03:41:00,76,Press-2,Electrical,L1
9373,2025-10-10 17:18:00,2025-10-10 17:44:00,26,Press-2,Operator,L2
9374,2025-10-10 14:26:00,2025-10-10 15:13:00,47,Press-1,Operator,L2
9375,2025-10-10 13:52:00,2025-10-10 15:00:00,68,Line-1,Changeover,L3
9376,2025-10-10 14:58:00,2025-10-10 16:03:00,65,Press-3,Quality Hold,L2
9377,2025-10-10 13:58:00,2025-10-10 14:39:00,41,Press-7,Material Shortage,L2
9378,2025-10-10 06:01:00,2025-10-10 06:38:00,37,Line-1,Mechanical,L3
9379,2025-10-10 16:32:00,2025-10-10 16:37:00,5,Press-1,Electrical,L2
9380,2025-10-10 05:34:00,2025-10-10 05:52:00,18,Press-2,Quality Hold,L2
9381,2025-10-10 11:49:00,2025-10-10 12:41:00,52,Line-2,Quality Hold,L2
9382,2025-10-10 17:04:00,2025-10-10 17:45:00,41,Press-3,Mechanical,L3
9383,2025-10-11 13:28:00,2025-10-11 14:14:00,46,Press-3,Quality Hold,L2
9384,2025-10-11 11:19:00,2025-10-11 12:29:00,70,Press-3,Quality Hold,L3
9385,2025-10-11 01:34:00,2025-10-11 01:49:00,15,Press-6,Changeover,L2
9386,2025-10-11 06:15:00,2025-10-11 06:54:00,39,Press-5,Quality Hold,L3
9387,2025-10-11 11:31:00,2025-10-11 12:20:00,49,Line-2,Quality Hold,L1
9388,2025-10-11 14:53:00,2025-10-11 15:20:00,27,Press-3,Quality Hold,L3
9389,2025-10-11 01:46:00,2025-10-11 03:06:00,80,Press-3,Electrical,L2
9390,2025-10-11 13:48:00,2025-10-11 14:55:00,67,Press-7,Quality Hold,L2
9391,2025-10-11 17:16:00,2025-10-11 18:08:00,52,Line-2,Operator,L2
9392,2025-10-11 15:50:00,2025-10-11 17:19:00,89,Press-2,Quality Hold,L2
9393,2025-10-11 01:42:00,2025-10-11 01:49:00,7,Line-3,Electrical,L2
9394,2025-10-11 10:07:00,2025-10-11 10:51:00,44,Press-5,Changeover,L3
9395,2025-10-12 17:50:00,2025-10-12 18:44:00,54,Line-3,Changeover,L2
9396,2025-10-12 14:59:00,2025-10-12 15:21:00,22,Press-3,Changeover,L3
9397,2025-10-12 11:29:00,2025-10-12 12:21:00,52,Press-1,Electrical,L3
9398,2025-10-12 04:46:00,2025-10-12 05:03:00,17,Press-2,Changeover,L1
9399,2025-10-12 17:53:00,2025-10-12 18:55:00,62,Line-2,Changeover,L1
9400,2025-10-12 13:09:00,2025-10-12 14:20:00,71,Line-3,Mechanical,L1
9401,2025-10-12 05:25:00,2025-10-12 06:16:00,51,Line-1,Changeover,L3
9402,2025-10-13 06:04:00,2025-10-13 06:09:00,5,Press-4,Mechanical,L3
9403,2025-10-13 01:41:00,2025-10-13 02:01:00,20,Press-2,Quality Hold,L2
9404,2025-10-13 07:05:00,2025-10-13 08:04:00,59,Press-1,Mechanical,L2
9405,2025-10-13 17:43:00,2025-10-13 18:28:00,45,Press-1,Quality Hold,L2
9406,2025-10-13 08:20:00,2025-10-13 08:25:00,5,Press-2,Mechanical,L1
9407,2025-10-13 01:18:00,2025-10-13 02:34:00,76,Press-4,Quality Hold,L1
9408,2025-10-13 17:53:00,2025-10-13 18:41:00,48,Press-7,Material Shortage,L2
9409,2025-10-13 09:38:00,2025-10-13 10:02:00,24,Press-1,Electrical,L2
9410,2025-10-13 07:34:00,2025-10-13 08:43:00,69,Press-7,Mechanical,L2
9411,2025-10-14 07:53:00,2025-10-14 08:21:00,28,Line-1,Mechanical,L2
9412,2025-10-14 06:16:00,2025-10-14 06:43:00,27,Press-3,Material Shortage,L3
9413,2025-10-14 07:10:00,2025-10-14 08:03:00,53,Press-3,Quality Hold,L2
9414,2025-10-14 17:24:00,2025-10-14 18:53:00,89,Press-5,Changeover,L3
9415,2025-10-14 13:05:00,2025-10-14 14:30:00,85,Line-3,Quality Hold,L2
9416,2025-10-14 05:08:00,2025-10-14 06:01:00,53,Line-2,Electrical,L3
9417,2025-10-14 03:23:00,2025-10-14 04:19:00,56,Press-1,Material Shortage,L3
9418,2025-10-14 05:40:00,2025-10-14 06:44:00,64,Press-3,Mechanical,L3
9419,2025-10-14 04:52:00,2025-10-14 05:05:00,13,Press-5,Changeover,L2
9420,2025-10-14 13:07:00,2025-10-14 14:08:00,61,Press-2,Material Shortage,L3
9421,2025-10-14 14:34:00,2025-10-14 15:00:00,26,Line-1,Changeover,L1
9422,2025-10-15 15:19:00,2025-10-15 16:11:00,52,Press-4,Material Shortage,L2
9423,2025-10-15 06:23:00,2025-10-15 07:02:00,39,Press-2,Changeover,L1
9424,2025-10-15 06:00:00,2025-10-15 06:57:00,57,Press-7,Material Shortage,L1
9425,2025-10-15 15:03:00,2025-10-15 15:50:00,47,Press-6,Electrical,L2
9426,2025-10-15 01:21:00,2025-10-15 01:26:00,5,Press-4,Operator,L2
9427,2025-10-15 06:05:00,2025-10-15 06:54:00,49,Press-5,Operator,L3
9428,2025-10-16 04:21:00,2025-10-16 05:22:00,61,Press-3,Changeover,L1
9429,2025-10-16 11:20:00,2025-10-16 12:16:00,56,Line-2,Operator,L1
9430,2025-10-16 05:55:00,2025-10-16 06:37:00,42,Press-7,Electrical,L2
9431,2025-10-16 13:28:00,2025-10-16 14:54:00,86,Line-2,Material Shortage,L2
9432,2025-10-16 11:56:00,2025-10-16 12:48:00,52,Press-5,Mechanical,L2
9433,2025-10-16 10:34:00,2025-10-16 11:29:00,55,Press-4,Operator,L2
9434,2025-10-16 15:15:00,2025-10-16 16:26:00,71,Press-5,Operator,L3
9435,2025-10-16 04:28:00,2025-10-16 05:22:00,54,Line-2,Changeover,L3
9436,2025-10-16 05:46:00,2025-10-16 06:08:00,22,Press-6,Changeover,L1
9437,2025-10-16 01:17:00,2025-10-16 01:22:00,5,Press-3,Changeover,L2
9438,2025-10-17 12:45:00,2025-10-17 13:18:00,33,Press-6,Electrical,L2
9439,2025-10-17 11:23:00,2025-10-17 12:27:00,64,Press-1,Quality Hold,L1
9440,2025-10-17 01:33:00,2025-10-17 02:09:00,36,Press-2,Electrical,L3
9441,2025-10-17 07:43:00,2025-10-17 08:48:00,65,Press-4,Electrical,L3
9442,2025-10-17 09:52:00,2025-10-17 10:40:00,48,Press-6,Operator,L2
9443,2025-10-17 09:15:00,2025-10-17 10:32:00,77,Press-2,Operator,L3
9444,2025-10-17 03:27:00,2025-10-17 04:04:00,37,Press-7,Material Shortage,L3
9445,2025-10-17 01:53:00,2025-10-17 02:49:00,56,Press-3,Operator,L2
9446,2025-10-17 06:42:00,2025-10-17 07:39:00,57,Press-6,Electrical,L2
9447,2025-10-17 07:27:00,2025-10-17 08:49:00,82,Line-3,Changeover,L1
9448,2025-10-17 06:13:00,2025-10-17 06:18:00,5,Line-3,Changeover,L3
9449,2025-10-18 10:06:00,2025-10-18 10:39:00,33,Press-6,Mechanical,L3
9450,2025-10-18 06:16:00,2025-10-18 07:22:00,66,Press-1,Material Shortage,L1
9451,2025-10-18 11:19:00,2025-10-18 12:42:00,83,Press-2,Mechanical,L1
9452,2025-10-18 08:06:00,2025-10-18 08:57:00,51,Press-1,Changeover,L1
9453,2025-10-18 08:21:00,2025-10-18 08:58:00,37,Line-1,Operator,L2
9454,2025-10-18 05:31:00,2025-10-18 06:34:00,63,Line-2,Mechanical,L2
9455,2025-10-18 13:39:00,2025-10-18 14:45:00,66,Press-4,Material Shortage,L1
9456,2025-10-18 11:15:00,2025-10-18 11:51:00,36,Press-6,Material Shortage,L2
9457,2025-10-18 05:37:00,2025-10-18 06:30:00,53,Press-6,Mechanical,L2
9458,2025-10-19 03:16:00,2025-10-19 04:30:00,74,Press-4,Changeover,L3
9459,2025-10-19 03:11:00,2025-10-19 04:43:00,92,Press-3,Material Shortage,L1
9460,2025-10-19 10:57:00,2025-10-19 12:00:00,63,Press-1,Material Shortage,L1
9461,2025-10-19 15:14:00,2025-10-19 16:00:00,46,Press-1,Quality Hold,L3
9462,2025-10-19 06:45:00,2025-10-19 07:28:00,43,Line-1,Electrical,L3
9463,2025-10-19 15:23:00,2025-10-19 16:21:00,58,Press-2,Operator,L2
9464,2025-10-19 09:28:00,2025-10-19 10:10:00,42,Press-4,Operator,L1
9465,2025-10-20 11:14:00,2025-10-20 12:03:00,49,Line-3,Mechanical,L1
9466,2025-10-20 16:30:00,2025-10-20 16:48:00,18,Press-1,Changeover,L2
9467,2025-10-20 11:24:00,2025-10-20 12:41:00,77,Line-2,Operator,L2
9468,2025-10-20 16:48:00,2025-10-20 17:04:00,16,Line-2,Changeover,L2
9469,2025-10-20 07:13:00,2025-10-20 07:47:00,34,Press-3,Electrical,L1
9470,2025-10-20 15:39:00,2025-10-20 16:26:00,47,Press-1,Changeover,L2
9471,2025-10-20 06:11:00,2025-10-20 07:45:00,94,Press-3,Material Shortage,L2
9472,2025-10-21 02:49:00,2025-10-21 03:23:00,34,Press-3,Material Shortage,L3
9473,2025-10-21 12:57:00,2025-10-21 13:25:00,28,Line-2,Mechanical,L1
9474,2025-10-21 06:41:00,2025-10-21 07:12:00,31,Press-5,Mechanical,L1
9475,2025-10-21 08:54:00,2025-10-21 10:20:00,86,Press-3,Changeover,L2
9476,2025-10-21 02:48:00,2025-10-21 02:53:00,5,Press-4,Quality Hold,L2
9477,2025-10-21 11:51:00,2025-10-21 12:10:00,19,Press-6,Quality Hold,L3
9478,2025-10-22 17:30:00,2025-10-22 19:23:00,113,Press-4,Changeover,L1
9479,2025-10-22 04:29:00,2025-10-22 05:28:00,59,Press-5,Changeover,L3
9480,2025-10-22 01:36:00,2025-10-22 01:53:00,17,Press-7,Mechanical,L2
9481,2025-10-22 14:18:00,2025-10-22 15:01:00,43,Line-1,Electrical,L1
9482,2025-10-22 07:26:00,2025-10-22 08:12:00,46,Press-7,Electrical,L3
9483,2025-10-22 09:58:00,2025-10-22 11:04:00,66,Press-4,Mechanical,L2
9484,2025-10-22 13:09:00,2025-10-22 14:39:00,90,Press-4,Material Shortage,L3
9485,2025-10-22 06:22:00,2025-10-22 07:16:00,54,Press-3,Material Shortage,L2
9486,2025-10-23 14:33:00,2025-10-23 15:04:00,31,Press-2,Mechanical,L3
9487,2025-10-23 02:04:00,2025-10-23 03:08:00,64,Press-4,Material Shortage,L3
9488,2025-10-23 03:16:00,2025-10-23 03:43:00,27,Press-7,Electrical,L3
9489,2025-10-23 13:24:00,2025-10-23 13:43:00,19,Line-3,Operator,L1
9490,2025-10-23 06:19:00,2025-10-23 06:24:00,5,Press-7,Operator,L3
9491,2025-10-23 17:39:00,2025-10-23 17:44:00,5,Press-5,Quality Hold,L3
9492,2025-10-23 11:17:00,2025-10-23 11:39:00,22,Press-7,Operator,L2
9493,2025-10-23 04:43:00,2025-10-23 04:58:00,15,Line-1,Mechanical,L1
9494,2025-10-23 13:06:00,2025-10-23 13:58:00,52,Press-6,Mechanical,L3
9495,2025-10-23 05:21:00,2025-10-23 05:36:00,15,Line-2,Electrical,L3
9496,2025-10-23 12:24:00,2025-10-23 12:29:00,5,Line-1,Mechanical,L3
9497,2025-10-23 03:43:00,2025-10-23 04:01:00,18,Press-4,Electrical,L1
