inspection_id,date,sku,defect_family,units_inspected,defects_found,line
5000,2025-08-25,SKU-26,Surface,98,1,L1
5001,2025-08-25,SKU-07,Dimensional,214,3,L1
5002,2025-08-25,SKU-21,Surface,184,3,L1
5003,2025-08-25,SKU-05,Assembly,212,2,L1
5004,2025-08-25,SKU-06,Surface,242,6,L1
5005,2025-08-25,SKU-11,Dimensional,223,5,L1
5006,2025-08-25,SKU-10,Packaging,217,8,L1
5007,2025-08-25,SKU-27,Material,194,3,L1
5008,2025-08-25,SKU-09,Packaging,154,1,L1
5009,2025-08-25,SKU-16,Surface,125,1,L1
5010,2025-08-25,SKU-07,Material,195,4,L2
5011,2025-08-25,SKU-23,Dimensional,203,2,L2
5012,2025-08-25,SKU-21,Assembly,254,6,L2
5013,2025-08-25,SKU-10,Dimensional,190,2,L2
5014,2025-08-25,SKU-29,Packaging,232,5,L2
5015,2025-08-25,SKU-03,Packaging,113,2,L2
5016,2025-08-25,SKU-12,Packaging,215,2,L2
5017,2025-08-25,SKU-04,Dimensional,211,1,L2
5018,2025-08-25,SKU-30,Surface,280,9,L2
5019,2025-08-25,SKU-05,Material,184,4,L2
5020,2025-08-25,SKU-03,Assembly,80,0,L3
5021,2025-08-25,SKU-12,Assembly,182,1,L3
5022,2025-08-25,SKU-04,Dimensional,242,9,L3
5023,2025-08-25,SKU-11,Dimensional,129,1,L3
5024,2025-08-25,SKU-24,Assembly,214,7,L3
5025,2025-08-25,SKU-10,Surface,126,2,L3
5026,2025-08-25,SKU-21,Packaging,309,1,L3
5027,2025-08-25,SKU-22,Surface,123,1,L3
5028,2025-08-25,SKU-18,Packaging,168,4,L3
5029,2025-08-25,SKU-19,Dimensional,214,0,L3
5030,2025-08-26,SKU-29,Surface,230,3,L1
5031,2025-08-26,SKU-01,Surface,276,3,L1
5032,2025-08-26,SKU-17,Surface,161,4,L1
5033,2025-08-26,SKU-16,Surface,245,5,L1
5034,2025-08-26,SKU-15,Material,98,2,L1
5035,2025-08-26,SKU-13,Dimensional,137,3,L1
5036,2025-08-26,SKU-06,Material,114,2,L1
5037,2025-08-26,SKU-20,Assembly,151,1,L1
5038,2025-08-26,SKU-07,Dimensional,242,5,L1
5039,2025-08-26,SKU-04,Surface,163,5,L1
5040,2025-08-26,SKU-05,Packaging,173,3,L2
5041,2025-08-26,SKU-26,Dimensional,216,2,L2
5042,2025-08-26,SKU-19,Packaging,228,3,L2
5043,2025-08-26,SKU-12,Surface,175,5,L2
5044,2025-08-26,SKU-08,Dimensional,137,0,L2
5045,2025-08-26,SKU-02,Surface,296,13,L2
5046,2025-08-26,SKU-09,Packaging,175,0,L2
5047,2025-08-26,SKU-24,Packaging,181,3,L2
5048,2025-08-26,SKU-11,Packaging,188,1,L2
5049,2025-08-26,SKU-06,Assembly,234,5,L2
5050,2025-08-26,SKU-11,Packaging,110,2,L3
5051,2025-08-26,SKU-21,Dimensional,323,7,L3
5052,2025-08-26,SKU-09,Dimensional,179,3,L3
5053,2025-08-26,SKU-04,Assembly,236,0,L3
5054,2025-08-26,SKU-20,Dimensional,209,3,L3
5055,2025-08-26,SKU-19,Assembly,310,5,L3
5056,2025-08-26,SKU-12,Surface,300,2,L3
5057,2025-08-26,SKU-30,Surface,235,5,L3
5058,2025-08-26,SKU-16,Material,147,3,L3
5059,2025-08-26,SKU-01,Surface,272,4,L3
5060,2025-08-27,SKU-21,Dimensional,98,1,L1
5061,2025-08-27,SKU-19,Packaging,145,2,L1
5062,2025-08-27,SKU-30,Surface,195,0,L1
5063,2025-08-27,SKU-06,Surface,103,2,L1
5064,2025-08-27,SKU-23,Surface,168,0,L1
5065,2025-08-27,SKU-24,Assembly,247,5,L1
5066,2025-08-27,SKU-09,Dimensional,157,1,L1
5067,2025-08-27,SKU-29,Surface,250,5,L1
5068,2025-08-27,SKU-12,Dimensional,342,8,L1
5069,2025-08-27,SKU-16,Assembly,223,4,L1
5070,2025-08-27,SKU-10,Dimensional,249,6,L2
5071,2025-08-27,SKU-13,Dimensional,275,4,L2
5072,2025-08-27,SKU-22,Dimensional,173,2,L2
5073,2025-08-27,SKU-27,Dimensional,247,8,L2
5074,2025-08-27,SKU-29,Material,172,2,L2
5075,2025-08-27,SKU-02,Assembly,218,3,L2
5076,2025-08-27,SKU-07,Packaging,257,0,L2
5077,2025-08-27,SKU-30,Surface,150,1,L2
5078,2025-08-27,SKU-12,Assembly,80,0,L2
5079,2025-08-27,SKU-05,Surface,145,2,L2
5080,2025-08-27,SKU-16,Surface,266,4,L3
5081,2025-08-27,SKU-13,Surface,138,2,L3
5082,2025-08-27,SKU-25,Surface,262,2,L3
5083,2025-08-27,SKU-14,Dimensional,145,3,L3
5084,2025-08-27,SKU-20,Surface,186,4,L3
5085,2025-08-27,SKU-30,Dimensional,199,5,L3
5086,2025-08-27,SKU-18,Dimensional,137,2,L3
5087,2025-08-27,SKU-09,Dimensional,187,1,L3
5088,2025-08-27,SKU-24,Surface,106,2,L3
5089,2025-08-27,SKU-29,Surface,178,1,L3
5090,2025-08-28,SKU-28,Packaging,194,6,L1
5091,2025-08-28,SKU-12,Packaging,80,0,L1
5092,2025-08-28,SKU-04,Assembly,144,4,L1
5093,2025-08-28,SKU-13,Assembly,216,5,L1
5094,2025-08-28,SKU-14,Packaging,131,1,L1
5095,2025-08-28,SKU-16,Surface,226,4,L1
5096,2025-08-28,SKU-11,Dimensional,232,4,L1
5097,2025-08-28,SKU-06,Surface,216,4,L1
5098,2025-08-28,SKU-07,Surface,246,6,L1
5099,2025-08-28,SKU-27,Material,102,0,L1
5100,2025-08-28,SKU-28,Dimensional,260,8,L2
5101,2025-08-28,SKU-25,Assembly,138,0,L2
5102,2025-08-28,SKU-19,Surface,205,6,L2
5103,2025-08-28,SKU-02,Dimensional,307,7,L2
5104,2025-08-28,SKU-27,Surface,177,1,L2
5105,2025-08-28,SKU-08,Dimensional,200,3,L2
5106,2025-08-28,SKU-15,Material,139,5,L2
5107,2025-08-28,SKU-17,Assembly,307,9,L2
5108,2025-08-28,SKU-20,Dimensional,144,4,L2
5109,2025-08-28,SKU-10,Dimensional,238,5,L2
5110,2025-08-28,SKU-20,Assembly,274,7,L3
5111,2025-08-28,SKU-16,Dimensional,244,6,L3
5112,2025-08-28,SKU-12,Surface,220,0,L3
5113,2025-08-28,SKU-30,Assembly,205,2,L3
5114,2025-08-28,SKU-01,Packaging,123,4,L3
5115,2025-08-28,SKU-06,Dimensional,303,10,L3
5116,2025-08-28,SKU-08,Packaging,215,7,L3
5117,2025-08-28,SKU-13,Surface,200,4,L3
5118,2025-08-28,SKU-28,Dimensional,134,3,L3
5119,2025-08-28,SKU-19,Dimensional,203,1,L3
5120,2025-08-29,SKU-20,Dimensional,196,3,L1
5121,2025-08-29,SKU-05,Dimensional,307,8,L1
5122,2025-08-29,SKU-03,Assembly,200,4,L1
5123,2025-08-29,SKU-28,Assembly,202,3,L1
5124,2025-08-29,SKU-24,Assembly,135,2,L1
5125,2025-08-29,SKU-14,Surface,155,1,L1
5126,2025-08-29,SKU-18,Material,230,5,L1
5127,2025-08-29,SKU-07,Dimensional,92,1,L1
5128,2025-08-29,SKU-13,Surface,259,7,L1
5129,2025-08-29,SKU-26,Packaging,261,5,L1
5130,2025-08-29,SKU-03,Assembly,149,1,L2
5131,2025-08-29,SKU-08,Assembly,220,5,L2
5132,2025-08-29,SKU-18,Dimensional,277,8,L2
5133,2025-08-29,SKU-15,Assembly,192,1,L2
5134,2025-08-29,SKU-19,Surface,180,3,L2
5135,2025-08-29,SKU-04,Surface,187,2,L2
5136,2025-08-29,SKU-29,Surface,215,3,L2
5137,2025-08-29,SKU-27,Packaging,162,3,L2
5138,2025-08-29,SKU-21,Packaging,175,3,L2
5139,2025-08-29,SKU-20,Surface,216,1,L2
5140,2025-08-29,SKU-26,Dimensional,171,5,L3
5141,2025-08-29,SKU-23,Surface,130,0,L3
5142,2025-08-29,SKU-29,Surface,88,1,L3
5143,2025-08-29,SKU-12,Material,201,3,L3
5144,2025-08-29,SKU-02,Surface,272,0,L3
5145,2025-08-29,SKU-14,Dimensional,223,7,L3
5146,2025-08-29,SKU-30,Dimensional,132,2,L3
5147,2025-08-29,SKU-13,Assembly,154,1,L3
5148,2025-08-29,SKU-16,Surface,180,6,L3
5149,2025-08-29,SKU-08,Dimensional,310,5,L3
5150,2025-08-30,SKU-21,Assembly,314,6,L1
5151,2025-08-30,SKU-14,Surface,305,5,L1
5152,2025-08-30,SKU-26,Dimensional,207,4,L1
5153,2025-08-30,SKU-02,Surface,390,11,L1
5154,2025-08-30,SKU-10,Assembly,157,4,L1
5155,2025-08-30,SKU-13,Surface,178,2,L1
5156,2025-08-30,SKU-05,Surface,254,5,L1
5157,2025-08-30,SKU-17,Packaging,216,4,L1
5158,2025-08-30,SKU-07,Assembly,220,5,L1
5159,2025-08-30,SKU-12,Material,83,2,L1
5160,2025-08-30,SKU-23,Dimensional,141,0,L2
5161,2025-08-30,SKU-19,Assembly,196,4,L2
5162,2025-08-30,SKU-22,Surface,158,4,L2
5163,2025-08-30,SKU-03,Packaging,119,1,L2
5164,2025-08-30,SKU-30,Surface,164,3,L2
5165,2025-08-30,SKU-10,Dimensional,216,2,L2
5166,2025-08-30,SKU-27,Packaging,243,5,L2
5167,2025-08-30,SKU-01,Surface,86,0,L2
5168,2025-08-30,SKU-09,Assembly,199,3,L2
5169,2025-08-30,SKU-25,Assembly,193,3,L2
5170,2025-08-30,SKU-17,Surface,213,6,L3
5171,2025-08-30,SKU-08,Assembly,133,1,L3
5172,2025-08-30,SKU-26,Dimensional,134,3,L3
5173,2025-08-30,SKU-06,Assembly,274,4,L3
5174,2025-08-30,SKU-10,Dimensional,80,0,L3
5175,2025-08-30,SKU-16,Packaging,150,2,L3
5176,2025-08-30,SKU-05,Dimensional,175,3,L3
5177,2025-08-30,SKU-12,Surface,181,5,L3
5178,2025-08-30,SKU-18,Surface,159,1,L3
5179,2025-08-30,SKU-11,Assembly,228,1,L3
5180,2025-08-31,SKU-24,Surface,223,4,L1
5181,2025-08-31,SKU-04,Dimensional,191,6,L1
5182,2025-08-31,SKU-20,Packaging,162,6,L1
5183,2025-08-31,SKU-25,Dimensional,186,1,L1
5184,2025-08-31,SKU-05,Material,204,1,L1
5185,2025-08-31,SKU-29,Surface,154,3,L1
5186,2025-08-31,SKU-13,Packaging,233,3,L1
5187,2025-08-31,SKU-02,Surface,259,8,L1
5188,2025-08-31,SKU-28,Surface,286,7,L1
5189,2025-08-31,SKU-08,Material,281,0,L1
5190,2025-08-31,SKU-07,Surface,180,2,L2
5191,2025-08-31,SKU-23,Dimensional,207,2,L2
5192,2025-08-31,SKU-13,Surface,190,7,L2
5193,2025-08-31,SKU-24,Dimensional,189,4,L2
5194,2025-08-31,SKU-01,Dimensional,186,3,L2
5195,2025-08-31,SKU-11,Material,200,4,L2
5196,2025-08-31,SKU-14,Material,269,9,L2
5197,2025-08-31,SKU-09,Dimensional,218,5,L2
5198,2025-08-31,SKU-27,Dimensional,130,2,L2
5199,2025-08-31,SKU-22,Surface,256,7,L2
5200,2025-08-31,SKU-10,Material,212,6,L3
5201,2025-08-31,SKU-08,Dimensional,229,7,L3
5202,2025-08-31,SKU-26,Dimensional,217,3,L3
5203,2025-08-31,SKU-12,Material,220,0,L3
5204,2025-08-31,SKU-05,Dimensional,222,0,L3
5205,2025-08-31,SKU-22,Surface,96,2,L3
5206,2025-08-31,SKU-29,Assembly,228,1,L3
5207,2025-08-31,SKU-19,Dimensional,157,5,L3
5208,2025-08-31,SKU-28,Dimensional,170,7,L3
5209,2025-08-31,SKU-09,Assembly,199,4,L3
5210,2025-09-01,SKU-26,Dimensional,297,6,L1
5211,2025-09-01,SKU-16,Surface,139,2,L1
5212,2025-09-01,SKU-27,Surface,197,1,L1
5213,2025-09-01,SKU-13,Assembly,184,2,L1
5214,2025-09-01,SKU-09,Packaging,255,5,L1
5215,2025-09-01,SKU-08,Packaging,183,3,L1
5216,2025-09-01,SKU-05,Packaging,213,5,L1
5217,2025-09-01,SKU-01,Packaging,140,1,L1
5218,2025-09-01,SKU-17,Packaging,266,4,L1
5219,2025-09-01,SKU-22,Dimensional,114,2,L1
5220,2025-09-01,SKU-22,Dimensional,227,1,L2
5221,2025-09-01,SKU-21,Surface,213,5,L2
5222,2025-09-01,SKU-20,Dimensional,222,5,L2
5223,2025-09-01,SKU-02,Surface,115,2,L2
5224,2025-09-01,SKU-04,Dimensional,181,2,L2
5225,2025-09-01,SKU-07,Dimensional,252,8,L2
5226,2025-09-01,SKU-11,Packaging,307,10,L2
5227,2025-09-01,SKU-17,Packaging,193,4,L2
5228,2025-09-01,SKU-18,Material,246,5,L2
5229,2025-09-01,SKU-05,Surface,207,5,L2
5230,2025-09-01,SKU-05,Dimensional,196,2,L3
5231,2025-09-01,SKU-09,Dimensional,175,4,L3
5232,2025-09-01,SKU-20,Surface,200,4,L3
5233,2025-09-01,SKU-28,Material,240,3,L3
5234,2025-09-01,SKU-11,Dimensional,245,5,L3
5235,2025-09-01,SKU-17,Surface,125,4,L3
5236,2025-09-01,SKU-02,Surface,169,0,L3
5237,2025-09-01,SKU-21,Assembly,137,1,L3
5238,2025-09-01,SKU-12,Surface,203,3,L3
5239,2025-09-01,SKU-16,Material,179,4,L3
5240,2025-09-02,SKU-13,Assembly,220,5,L1
5241,2025-09-02,SKU-28,Surface,224,5,L1
5242,2025-09-02,SKU-29,Surface,80,1,L1
5243,2025-09-02,SKU-26,Surface,80,1,L1
5244,2025-09-02,SKU-09,Packaging,199,6,L1
5245,2025-09-02,SKU-18,Dimensional,271,5,L1
5246,2025-09-02,SKU-30,Dimensional,169,4,L1
5247,2025-09-02,SKU-14,Material,168,3,L1
5248,2025-09-02,SKU-19,Packaging,259,3,L1
5249,2025-09-02,SKU-17,Surface,248,6,L1
5250,2025-09-02,SKU-26,Dimensional,142,4,L2
5251,2025-09-02,SKU-20,Surface,241,5,L2
5252,2025-09-02,SKU-10,Dimensional,154,1,L2
5253,2025-09-02,SKU-08,Dimensional,167,4,L2
5254,2025-09-02,SKU-16,Material,142,3,L2
5255,2025-09-02,SKU-03,Packaging,125,2,L2
5256,2025-09-02,SKU-05,Surface,206,9,L2
5257,2025-09-02,SKU-22,Dimensional,117,4,L2
5258,2025-09-02,SKU-11,Dimensional,208,5,L2
5259,2025-09-02,SKU-24,Surface,207,5,L2
5260,2025-09-02,SKU-26,Material,190,6,L3
5261,2025-09-02,SKU-30,Surface,172,5,L3
5262,2025-09-02,SKU-24,Dimensional,161,3,L3
5263,2025-09-02,SKU-04,Packaging,135,3,L3
5264,2025-09-02,SKU-15,Packaging,286,5,L3
5265,2025-09-02,SKU-07,Surface,188,1,L3
5266,2025-09-02,SKU-17,Surface,186,0,L3
5267,2025-09-02,SKU-12,Assembly,145,3,L3
5268,2025-09-02,SKU-20,Surface,279,13,L3
5269,2025-09-02,SKU-25,Dimensional,164,5,L3
5270,2025-09-03,SKU-25,Packaging,214,3,L1
5271,2025-09-03,SKU-13,Surface,225,4,L1
5272,2025-09-03,SKU-04,Surface,206,3,L1
5273,2025-09-03,SKU-07,Assembly,116,0,L1
5274,2025-09-03,SKU-16,Packaging,239,4,L1
5275,2025-09-03,SKU-01,Surface,164,3,L1
5276,2025-09-03,SKU-29,Packaging,247,5,L1
5277,2025-09-03,SKU-27,Dimensional,160,5,L1
5278,2025-09-03,SKU-26,Dimensional,294,7,L1
5279,2025-09-03,SKU-14,Assembly,258,8,L1
5280,2025-09-03,SKU-08,Dimensional,267,6,L2
5281,2025-09-03,SKU-01,Dimensional,235,5,L2
5282,2025-09-03,SKU-05,Dimensional,134,3,L2
5283,2025-09-03,SKU-10,Dimensional,118,1,L2
5284,2025-09-03,SKU-26,Dimensional,278,7,L2
5285,2025-09-03,SKU-16,Dimensional,289,4,L2
5286,2025-09-03,SKU-18,Material,130,2,L2
5287,2025-09-03,SKU-04,Material,206,4,L2
5288,2025-09-03,SKU-11,Dimensional,268,4,L2
5289,2025-09-03,SKU-20,Dimensional,221,2,L2
5290,2025-09-03,SKU-13,Surface,227,4,L3
5291,2025-09-03,SKU-16,Dimensional,155,2,L3
5292,2025-09-03,SKU-25,Assembly,188,3,L3
5293,2025-09-03,SKU-11,Surface,306,5,L3
5294,2025-09-03,SKU-29,Dimensional,185,0,L3
5295,2025-09-03,SKU-09,Material,146,2,L3
5296,2025-09-03,SKU-22,Surface,158,5,L3
5297,2025-09-03,SKU-07,Assembly,190,6,L3
5298,2025-09-03,SKU-27,Dimensional,203,4,L3
5299,2025-09-03,SKU-05,Surface,194,3,L3
5300,2025-09-04,SKU-23,Dimensional,303,0,L1
5301,2025-09-04,SKU-30,Material,80,1,L1
5302,2025-09-04,SKU-17,Packaging,200,5,L1
5303,2025-09-04,SKU-09,Packaging,228,3,L1
5304,2025-09-04,SKU-19,Assembly,261,7,L1
5305,2025-09-04,SKU-16,Surface,211,6,L1
5306,2025-09-04,SKU-01,Assembly,216,3,L1
5307,2025-09-04,SKU-20,Dimensional,241,5,L1
5308,2025-09-04,SKU-13,Assembly,200,6,L1
5309,2025-09-04,SKU-02,Dimensional,80,0,L1
5310,2025-09-04,SKU-20,Dimensional,128,2,L2
5311,2025-09-04,SKU-13,Dimensional,184,0,L2
5312,2025-09-04,SKU-01,Packaging,140,1,L2
5313,2025-09-04,SKU-14,Dimensional,347,13,L2
5314,2025-09-04,SKU-17,Assembly,175,2,L2
5315,2025-09-04,SKU-22,Dimensional,131,0,L2
5316,2025-09-04,SKU-27,Dimensional,192,1,L2
5317,2025-09-04,SKU-23,Dimensional,194,0,L2
5318,2025-09-04,SKU-02,Dimensional,154,3,L2
5319,2025-09-04,SKU-28,Surface,221,5,L2
5320,2025-09-04,SKU-09,Assembly,120,3,L3
5321,2025-09-04,SKU-25,Assembly,151,3,L3
5322,2025-09-04,SKU-03,Packaging,199,1,L3
5323,2025-09-04,SKU-28,Material,181,4,L3
5324,2025-09-04,SKU-05,Surface,236,4,L3
5325,2025-09-04,SKU-17,Dimensional,291,8,L3
5326,2025-09-04,SKU-02,Dimensional,184,5,L3
5327,2025-09-04,SKU-15,Dimensional,316,12,L3
5328,2025-09-04,SKU-12,Surface,126,1,L3
5329,2025-09-04,SKU-29,Surface,289,2,L3
5330,2025-09-05,SKU-20,Dimensional,120,1,L1
5331,2025-09-05,SKU-27,Surface,225,4,L1
5332,2025-09-05,SKU-21,Material,160,2,L1
5333,2025-09-05,SKU-03,Surface,157,1,L1
5334,2025-09-05,SKU-14,Assembly,336,7,L1
5335,2025-09-05,SKU-19,Surface,253,3,L1
5336,2025-09-05,SKU-28,Dimensional,188,2,L1
5337,2025-09-05,SKU-10,Assembly,80,0,L1
5338,2025-09-05,SKU-30,Assembly,91,0,L1
5339,2025-09-05,SKU-07,Dimensional,128,4,L1
5340,2025-09-05,SKU-15,Dimensional,197,6,L2
5341,2025-09-05,SKU-29,Dimensional,224,6,L2
5342,2025-09-05,SKU-27,Surface,145,3,L2
5343,2025-09-05,SKU-04,Assembly,243,3,L2
5344,2025-09-05,SKU-14,Assembly,233,5,L2
5345,2025-09-05,SKU-23,Assembly,167,1,L2
5346,2025-09-05,SKU-19,Dimensional,128,2,L2
5347,2025-09-05,SKU-28,Dimensional,219,2,L2
5348,2025-09-05,SKU-25,Surface,201,5,L2
5349,2025-09-05,SKU-06,Packaging,237,8,L2
5350,2025-09-05,SKU-02,Surface,276,2,L3
5351,2025-09-05,SKU-16,Surface,301,4,L3
5352,2025-09-05,SKU-17,Material,262,5,L3
5353,2025-09-05,SKU-27,Surface,175,0,L3
5354,2025-09-05,SKU-06,Packaging,189,0,L3
5355,2025-09-05,SKU-01,Dimensional,258,9,L3
5356,2025-09-05,SKU-29,Surface,152,3,L3
5357,2025-09-05,SKU-28,Assembly,156,2,L3
5358,2025-09-05,SKU-09,Surface,246,4,L3
5359,2025-09-05,SKU-05,Surface,304,4,L3
5360,2025-09-06,SKU-13,Dimensional,259,5,L1
5361,2025-09-06,SKU-07,Dimensional,247,3,L1
5362,2025-09-06,SKU-29,Assembly,197,3,L1
5363,2025-09-06,SKU-09,Assembly,149,3,L1
5364,2025-09-06,SKU-01,Assembly,239,6,L1
5365,2025-09-06,SKU-19,Dimensional,292,10,L1
5366,2025-09-06,SKU-21,Surface,177,4,L1
5367,2025-09-06,SKU-22,Packaging,162,3,L1
5368,2025-09-06,SKU-25,Assembly,164,5,L1
5369,2025-09-06,SKU-26,Surface,221,3,L1
5370,2025-09-06,SKU-06,Assembly,271,0,L2
5371,2025-09-06,SKU-08,Surface,80,2,L2
5372,2025-09-06,SKU-16,Surface,203,4,L2
5373,2025-09-06,SKU-18,Assembly,120,2,L2
5374,2025-09-06,SKU-22,Surface,320,9,L2
5375,2025-09-06,SKU-20,Dimensional,210,3,L2
5376,2025-09-06,SKU-28,Dimensional,176,0,L2
5377,2025-09-06,SKU-07,Dimensional,215,6,L2
5378,2025-09-06,SKU-27,Surface,105,1,L2
5379,2025-09-06,SKU-15,Surface,130,1,L2
5380,2025-09-06,SKU-05,Material,203,0,L3
5381,2025-09-06,SKU-09,Assembly,236,6,L3
5382,2025-09-06,SKU-08,Dimensional,184,0,L3
5383,2025-09-06,SKU-01,Dimensional,140,4,L3
5384,2025-09-06,SKU-12,Surface,80,1,L3
5385,2025-09-06,SKU-07,Assembly,129,3,L3
5386,2025-09-06,SKU-20,Dimensional,159,3,L3
5387,2025-09-06,SKU-16,Surface,233,8,L3
5388,2025-09-06,SKU-10,Assembly,187,4,L3
5389,2025-09-06,SKU-22,Surface,110,3,L3
5390,2025-09-07,SKU-12,Assembly,154,2,L1
5391,2025-09-07,SKU-08,Packaging,198,0,L1
5392,2025-09-07,SKU-02,Packaging,213,6,L1
5393,2025-09-07,SKU-06,Surface,217,0,L1
5394,2025-09-07,SKU-27,Surface,192,5,L1
5395,2025-09-07,SKU-30,Surface,87,0,L1
5396,2025-09-07,SKU-19,Packaging,252,5,L1
5397,2025-09-07,SKU-16,Dimensional,224,8,L1
5398,2025-09-07,SKU-20,Dimensional,228,6,L1
5399,2025-09-07,SKU-07,Packaging,362,6,L1
5400,2025-09-07,SKU-17,Material,152,3,L2
5401,2025-09-07,SKU-07,Packaging,226,3,L2
5402,2025-09-07,SKU-03,Packaging,138,5,L2
5403,2025-09-07,SKU-23,Surface,219,2,L2
5404,2025-09-07,SKU-19,Packaging,254,4,L2
5405,2025-09-07,SKU-11,Dimensional,184,4,L2
5406,2025-09-07,SKU-20,Dimensional,122,2,L2
5407,2025-09-07,SKU-28,Surface,314,7,L2
5408,2025-09-07,SKU-24,Surface,177,2,L2
5409,2025-09-07,SKU-26,Surface,175,3,L2
5410,2025-09-07,SKU-22,Packaging,177,5,L3
5411,2025-09-07,SKU-30,Assembly,96,2,L3
5412,2025-09-07,SKU-12,Surface,177,4,L3
5413,2025-09-07,SKU-11,Surface,132,4,L3
5414,2025-09-07,SKU-27,Packaging,274,8,L3
5415,2025-09-07,SKU-02,Surface,109,3,L3
5416,2025-09-07,SKU-08,Surface,224,0,L3
5417,2025-09-07,SKU-24,Dimensional,198,4,L3
5418,2025-09-07,SKU-18,Surface,233,5,L3
5419,2025-09-07,SKU-14,Dimensional,217,7,L3
5420,2025-09-08,SKU-15,Dimensional,273,0,L1
5421,2025-09-08,SKU-07,Dimensional,180,3,L1
5422,2025-09-08,SKU-03,Surface,94,1,L1
5423,2025-09-08,SKU-22,Surface,274,2,L1
5424,2025-09-08,SKU-02,Packaging,220,2,L1
5425,2025-09-08,SKU-30,Dimensional,159,5,L1
5426,2025-09-08,SKU-08,Surface,167,4,L1
5427,2025-09-08,SKU-27,Packaging,87,3,L1
5428,2025-09-08,SKU-18,Packaging,236,4,L1
5429,2025-09-08,SKU-10,Surface,234,1,L1
5430,2025-09-08,SKU-25,Dimensional,270,4,L2
5431,2025-09-08,SKU-08,Dimensional,187,2,L2
5432,2025-09-08,SKU-15,Dimensional,165,4,L2
5433,2025-09-08,SKU-22,Material,215,5,L2
5434,2025-09-08,SKU-10,Assembly,199,5,L2
5435,2025-09-08,SKU-12,Dimensional,174,7,L2
5436,2025-09-08,SKU-07,Dimensional,105,3,L2
5437,2025-09-08,SKU-14,Surface,282,3,L2
5438,2025-09-08,SKU-13,Dimensional,333,9,L2
5439,2025-09-08,SKU-24,Surface,258,5,L2
5440,2025-09-08,SKU-25,Surface,186,3,L3
5441,2025-09-08,SKU-08,Surface,223,7,L3
5442,2025-09-08,SKU-09,Surface,210,2,L3
5443,2025-09-08,SKU-05,Packaging,249,7,L3
5444,2025-09-08,SKU-01,Material,239,6,L3
5445,2025-09-08,SKU-17,Assembly,183,1,L3
5446,2025-09-08,SKU-04,Surface,147,0,L3
5447,2025-09-08,SKU-24,Assembly,214,4,L3
5448,2025-09-08,SKU-10,Packaging,173,0,L3
5449,2025-09-08,SKU-22,Dimensional,125,3,L3
5450,2025-09-09,SKU-07,Surface,160,3,L1
5451,2025-09-09,SKU-04,Assembly,116,3,L1
5452,2025-09-09,SKU-12,Dimensional,191,4,L1
5453,2025-09-09,SKU-18,Surface,339,11,L1
5454,2025-09-09,SKU-19,Dimensional,181,2,L1
5455,2025-09-09,SKU-13,Material,180,4,L1
5456,2025-09-09,SKU-09,Material,193,3,L1
5457,2025-09-09,SKU-26,Dimensional,288,5,L1
5458,2025-09-09,SKU-14,Surface,337,7,L1
5459,2025-09-09,SKU-05,Surface,307,7,L1
5460,2025-09-09,SKU-26,Surface,257,3,L2
5461,2025-09-09,SKU-16,Assembly,148,3,L2
5462,2025-09-09,SKU-20,Surface,259,5,L2
5463,2025-09-09,SKU-09,Assembly,122,0,L2
5464,2025-09-09,SKU-14,Dimensional,114,0,L2
5465,2025-09-09,SKU-17,Packaging,206,6,L2
5466,2025-09-09,SKU-30,Surface,199,0,L2
5467,2025-09-09,SKU-05,Surface,188,3,L2
5468,2025-09-09,SKU-10,Packaging,325,1,L2
5469,2025-09-09,SKU-11,Dimensional,176,6,L2
5470,2025-09-09,SKU-16,Material,226,5,L3
5471,2025-09-09,SKU-19,Packaging,206,4,L3
5472,2025-09-09,SKU-10,Surface,246,2,L3
5473,2025-09-09,SKU-04,Packaging,252,1,L3
5474,2025-09-09,SKU-09,Packaging,219,4,L3
5475,2025-09-09,SKU-02,Dimensional,163,3,L3
5476,2025-09-09,SKU-22,Dimensional,162,1,L3
5477,2025-09-09,SKU-13,Surface,178,1,L3
5478,2025-09-09,SKU-06,Surface,219,1,L3
5479,2025-09-09,SKU-18,Dimensional,242,1,L3
5480,2025-09-10,SKU-06,Surface,166,2,L1
5481,2025-09-10,SKU-28,Surface,279,6,L1
5482,2025-09-10,SKU-08,Packaging,187,4,L1
5483,2025-09-10,SKU-01,Surface,80,1,L1
5484,2025-09-10,SKU-19,Surface,319,6,L1
5485,2025-09-10,SKU-30,Material,204,5,L1
5486,2025-09-10,SKU-11,Dimensional,253,0,L1
5487,2025-09-10,SKU-13,Surface,99,2,L1
5488,2025-09-10,SKU-17,Surface,157,5,L1
5489,2025-09-10,SKU-24,Surface,181,0,L1
5490,2025-09-10,SKU-05,Surface,123,0,L2
5491,2025-09-10,SKU-30,Dimensional,185,3,L2
5492,2025-09-10,SKU-09,Packaging,174,5,L2
5493,2025-09-10,SKU-23,Packaging,271,4,L2
5494,2025-09-10,SKU-27,Surface,80,2,L2
5495,2025-09-10,SKU-04,Assembly,233,5,L2
5496,2025-09-10,SKU-28,Dimensional,258,2,L2
5497,2025-09-10,SKU-02,Surface,320,3,L2
5498,2025-09-10,SKU-03,Assembly,244,0,L2
5499,2025-09-10,SKU-07,Surface,144,5,L2
5500,2025-09-10,SKU-27,Dimensional,184,5,L3
5501,2025-09-10,SKU-25,Assembly,214,4,L3
5502,2025-09-10,SKU-30,Dimensional,281,4,L3
5503,2025-09-10,SKU-14,Assembly,93,1,L3
5504,2025-09-10,SKU-26,Packaging,233,5,L3
5505,2025-09-10,SKU-19,Surface,105,1,L3
5506,2025-09-10,SKU-13,Material,165,2,L3
5507,2025-09-10,SKU-01,Assembly,117,1,L3
5508,2025-09-10,SKU-21,Assembly,156,4,L3
5509,2025-09-10,SKU-20,Assembly,248,4,L3
5510,2025-09-11,SKU-27,Dimensional,176,3,L1
5511,2025-09-11,SKU-15,Surface,151,1,L1
5512,2025-09-11,SKU-03,Dimensional,143,1,L1
5513,2025-09-11,SKU-28,Surface,130,2,L1
5514,2025-09-11,SKU-24,Packaging,243,1,L1
5515,2025-09-11,SKU-16,Packaging,201,3,L1
5516,2025-09-11,SKU-30,Assembly,220,4,L1
5517,2025-09-11,SKU-18,Surface,112,0,L1
5518,2025-09-11,SKU-13,Packaging,201,6,L1
5519,2025-09-11,SKU-05,Packaging,80,1,L1
5520,2025-09-11,SKU-09,Assembly,271,5,L2
5521,2025-09-11,SKU-11,Dimensional,233,3,L2
5522,2025-09-11,SKU-10,Material,192,0,L2
5523,2025-09-11,SKU-06,Dimensional,80,2,L2
5524,2025-09-11,SKU-16,Packaging,140,2,L2
5525,2025-09-11,SKU-01,Material,116,0,L2
5526,2025-09-11,SKU-29,Assembly,189,2,L2
5527,2025-09-11,SKU-04,Packaging,222,5,L2
5528,2025-09-11,SKU-05,Surface,219,4,L2
5529,2025-09-11,SKU-08,Assembly,294,2,L2
5530,2025-09-11,SKU-14,Dimensional,196,6,L3
5531,2025-09-11,SKU-13,Packaging,275,1,L3
5532,2025-09-11,SKU-07,Dimensional,181,6,L3
5533,2025-09-11,SKU-27,Dimensional,230,5,L3
5534,2025-09-11,SKU-19,Assembly,186,3,L3
5535,2025-09-11,SKU-18,Packaging,217,3,L3
5536,2025-09-11,SKU-21,Surface,197,4,L3
5537,2025-09-11,SKU-26,Dimensional,159,4,L3
5538,2025-09-11,SKU-03,Material,374,0,L3
5539,2025-09-11,SKU-04,Material,219,2,L3
5540,2025-09-12,SKU-07,Packaging,234,4,L1
5541,2025-09-12,SKU-06,Packaging,245,7,L1
5542,2025-09-12,SKU-26,Packaging,211,6,L1
5543,2025-09-12,SKU-12,Dimensional,80,2,L1
5544,2025-09-12,SKU-05,Surface,222,6,L1
5545,2025-09-12,SKU-03,Surface,126,1,L1
5546,2025-09-12,SKU-18,Material,208,4,L1
5547,2025-09-12,SKU-25,Dimensional,216,6,L1
5548,2025-09-12,SKU-10,Surface,94,2,L1
5549,2025-09-12,SKU-14,Material,200,3,L1
5550,2025-09-12,SKU-21,Packaging,111,2,L2
5551,2025-09-12,SKU-15,Dimensional,80,2,L2
5552,2025-09-12,SKU-04,Surface,110,2,L2
5553,2025-09-12,SKU-09,Surface,192,6,L2
5554,2025-09-12,SKU-23,Packaging,189,2,L2
5555,2025-09-12,SKU-18,Surface,169,5,L2
5556,2025-09-12,SKU-08,Packaging,232,3,L2
5557,2025-09-12,SKU-06,Assembly,185,0,L2
5558,2025-09-12,SKU-24,Surface,223,0,L2
5559,2025-09-12,SKU-30,Assembly,245,5,L2
5560,2025-09-12,SKU-27,Surface,343,3,L3
5561,2025-09-12,SKU-17,Surface,193,7,L3
5562,2025-09-12,SKU-01,Dimensional,271,3,L3
5563,2025-09-12,SKU-15,Dimensional,213,4,L3
5564,2025-09-12,SKU-02,Surface,216,2,L3
5565,2025-09-12,SKU-12,Material,194,0,L3
5566,2025-09-12,SKU-24,Surface,208,5,L3
5567,2025-09-12,SKU-10,Dimensional,186,0,L3
5568,2025-09-12,SKU-07,Surface,259,6,L3
5569,2025-09-12,SKU-20,Dimensional,156,2,L3
5570,2025-09-13,SKU-06,Dimensional,109,1,L1
5571,2025-09-13,SKU-10,Material,167,5,L1
5572,2025-09-13,SKU-13,Packaging,161,4,L1
5573,2025-09-13,SKU-23,Dimensional,167,3,L1
5574,2025-09-13,SKU-18,Surface,191,5,L1
5575,2025-09-13,SKU-08,Packaging,167,0,L1
5576,2025-09-13,SKU-21,Surface,117,1,L1
5577,2025-09-13,SKU-27,Surface,125,3,L1
5578,2025-09-13,SKU-26,Dimensional,172,7,L1
5579,2025-09-13,SKU-16,Surface,95,2,L1
5580,2025-09-13,SKU-06,Assembly,132,1,L2
5581,2025-09-13,SKU-04,Assembly,208,0,L2
5582,2025-09-13,SKU-30,Surface,214,8,L2
5583,2025-09-13,SKU-18,Surface,172,3,L2
5584,2025-09-13,SKU-03,Assembly,261,4,L2
5585,2025-09-13,SKU-02,Surface,165,0,L2
5586,2025-09-13,SKU-07,Material,238,4,L2
5587,2025-09-13,SKU-08,Material,139,2,L2
5588,2025-09-13,SKU-23,Surface,164,2,L2
5589,2025-09-13,SKU-20,Dimensional,236,1,L2
5590,2025-09-13,SKU-20,Surface,262,1,L3
5591,2025-09-13,SKU-15,Material,160,6,L3
5592,2025-09-13,SKU-03,Surface,267,5,L3
5593,2025-09-13,SKU-02,Material,143,2,L3
5594,2025-09-13,SKU-12,Dimensional,204,4,L3
5595,2025-09-13,SKU-25,Dimensional,194,3,L3
5596,2025-09-13,SKU-24,Material,187,1,L3
5597,2025-09-13,SKU-16,Assembly,169,4,L3
5598,2025-09-13,SKU-21,Surface,117,2,L3
5599,2025-09-13,SKU-18,Surface,150,3,L3
5600,2025-09-14,SKU-03,Assembly,176,6,L1
5601,2025-09-14,SKU-20,Material,230,1,L1
5602,2025-09-14,SKU-23,Assembly,240,2,L1
5603,2025-09-14,SKU-01,Surface,165,3,L1
5604,2025-09-14,SKU-10,Material,170,4,L1
5605,2025-09-14,SKU-29,Dimensional,153,2,L1
5606,2025-09-14,SKU-22,Dimensional,160,2,L1
5607,2025-09-14,SKU-27,Material,265,6,L1
5608,2025-09-14,SKU-04,Surface,302,12,L1
5609,2025-09-14,SKU-16,Material,138,2,L1
5610,2025-09-14,SKU-12,Material,129,1,L2
5611,2025-09-14,SKU-26,Material,162,1,L2
5612,2025-09-14,SKU-01,Material,136,2,L2
5613,2025-09-14,SKU-06,Surface,126,3,L2
5614,2025-09-14,SKU-16,Assembly,144,6,L2
5615,2025-09-14,SKU-07,Surface,172,3,L2
5616,2025-09-14,SKU-09,Assembly,122,4,L2
5617,2025-09-14,SKU-04,Surface,267,6,L2
5618,2025-09-14,SKU-02,Surface,119,2,L2
5619,2025-09-14,SKU-05,Surface,132,4,L2
5620,2025-09-14,SKU-22,Dimensional,248,5,L3
5621,2025-09-14,SKU-29,Surface,80,0,L3
5622,2025-09-14,SKU-01,Assembly,241,7,L3
5623,2025-09-14,SKU-07,Material,266,1,L3
5624,2025-09-14,SKU-13,Surface,218,6,L3
5625,2025-09-14,SKU-20,Surface,100,1,L3
5626,2025-09-14,SKU-19,Surface,216,3,L3
5627,2025-09-14,SKU-28,Dimensional,88,1,L3
5628,2025-09-14,SKU-12,Dimensional,180,3,L3
5629,2025-09-14,SKU-23,Packaging,166,2,L3
5630,2025-09-15,SKU-10,Assembly,197,4,L1
5631,2025-09-15,SKU-20,Surface,181,2,L1
5632,2025-09-15,SKU-07,Assembly,205,0,L1
5633,2025-09-15,SKU-27,Assembly,228,4,L1
5634,2025-09-15,SKU-24,Surface,202,5,L1
5635,2025-09-15,SKU-11,Surface,82,0,L1
5636,2025-09-15,SKU-06,Surface,216,4,L1
5637,2025-09-15,SKU-03,Packaging,210,3,L1
5638,2025-09-15,SKU-21,Dimensional,239,7,L1
5639,2025-09-15,SKU-14,Surface,229,3,L1
5640,2025-09-15,SKU-17,Packaging,80,2,L2
5641,2025-09-15,SKU-14,Assembly,273,7,L2
5642,2025-09-15,SKU-18,Material,147,3,L2
5643,2025-09-15,SKU-23,Dimensional,251,8,L2
5644,2025-09-15,SKU-09,Material,147,2,L2
5645,2025-09-15,SKU-25,Dimensional,244,5,L2
5646,2025-09-15,SKU-29,Packaging,132,3,L2
5647,2025-09-15,SKU-19,Surface,234,4,L2
5648,2025-09-15,SKU-04,Surface,213,3,L2
5649,2025-09-15,SKU-02,Packaging,288,3,L2
5650,2025-09-15,SKU-12,Assembly,164,3,L3
5651,2025-09-15,SKU-19,Surface,252,1,L3
5652,2025-09-15,SKU-14,Surface,121,0,L3
5653,2025-09-15,SKU-17,Packaging,201,1,L3
5654,2025-09-15,SKU-01,Packaging,176,4,L3
5655,2025-09-15,SKU-02,Assembly,161,3,L3
5656,2025-09-15,SKU-25,Material,182,4,L3
5657,2025-09-15,SKU-22,Material,228,2,L3
5658,2025-09-15,SKU-23,Assembly,189,5,L3
5659,2025-09-15,SKU-21,Assembly,223,1,L3
5660,2025-09-16,SKU-07,Material,239,2,L1
5661,2025-09-16,SKU-18,Surface,284,8,L1
5662,2025-09-16,SKU-21,Surface,217,4,L1
5663,2025-09-16,SKU-29,Surface,187,5,L1
5664,2025-09-16,SKU-05,Surface,177,3,L1
5665,2025-09-16,SKU-16,Surface,252,3,L1
5666,2025-09-16,SKU-30,Surface,163,1,L1
5667,2025-09-16,SKU-04,Dimensional,136,0,L1
5668,2025-09-16,SKU-01,Packaging,243,9,L1
5669,2025-09-16,SKU-20,Dimensional,285,1,L1
5670,2025-09-16,SKU-03,Surface,243,8,L2
5671,2025-09-16,SKU-16,Dimensional,172,3,L2
5672,2025-09-16,SKU-20,Surface,80,1,L2
5673,2025-09-16,SKU-28,Surface,136,2,L2
5674,2025-09-16,SKU-25,Dimensional,106,2,L2
5675,2025-09-16,SKU-14,Material,261,3,L2
5676,2025-09-16,SKU-01,Packaging,131,0,L2
5677,2025-09-16,SKU-13,Surface,184,2,L2
5678,2025-09-16,SKU-08,Surface,106,2,L2
5679,2025-09-16,SKU-04,Assembly,173,1,L2
5680,2025-09-16,SKU-21,Material,166,5,L3
5681,2025-09-16,SKU-01,Surface,236,4,L3
5682,2025-09-16,SKU-24,Dimensional,237,1,L3
5683,2025-09-16,SKU-05,Material,201,4,L3
5684,2025-09-16,SKU-04,Dimensional,171,4,L3
5685,2025-09-16,SKU-29,Dimensional,153,3,L3
5686,2025-09-16,SKU-10,Packaging,233,0,L3
5687,2025-09-16,SKU-09,Dimensional,271,0,L3
5688,2025-09-16,SKU-20,Dimensional,163,4,L3
5689,2025-09-16,SKU-02,Dimensional,180,0,L3
5690,2025-09-17,SKU-20,Surface,134,4,L1
5691,2025-09-17,SKU-15,Surface,84,2,L1
5692,2025-09-17,SKU-23,Surface,196,1,L1
5693,2025-09-17,SKU-10,Material,165,1,L1
5694,2025-09-17,SKU-21,Dimensional,251,6,L1
5695,2025-09-17,SKU-14,Dimensional,96,1,L1
5696,2025-09-17,SKU-02,Packaging,148,4,L1
5697,2025-09-17,SKU-08,Surface,118,4,L1
5698,2025-09-17,SKU-12,Material,198,1,L1
5699,2025-09-17,SKU-28,Assembly,159,1,L1
5700,2025-09-17,SKU-09,Material,123,2,L2
5701,2025-09-17,SKU-23,Packaging,126,0,L2
5702,2025-09-17,SKU-05,Packaging,177,0,L2
5703,2025-09-17,SKU-12,Assembly,154,1,L2
5704,2025-09-17,SKU-17,Surface,147,5,L2
5705,2025-09-17,SKU-20,Material,203,4,L2
5706,2025-09-17,SKU-29,Assembly,93,1,L2
5707,2025-09-17,SKU-28,Assembly,212,2,L2
5708,2025-09-17,SKU-18,Assembly,254,2,L2
5709,2025-09-17,SKU-19,Packaging,182,2,L2
5710,2025-09-17,SKU-11,Dimensional,209,2,L3
5711,2025-09-17,SKU-21,Assembly,183,3,L3
5712,2025-09-17,SKU-12,Dimensional,155,3,L3
5713,2025-09-17,SKU-01,Assembly,214,4,L3
5714,2025-09-17,SKU-23,Surface,174,4,L3
5715,2025-09-17,SKU-04,Surface,185,3,L3
5716,2025-09-17,SKU-08,Surface,206,7,L3
5717,2025-09-17,SKU-29,Material,119,3,L3
5718,2025-09-17,SKU-15,Packaging,86,1,L3
5719,2025-09-17,SKU-06,Packaging,294,7,L3
5720,2025-09-18,SKU-04,Surface,210,3,L1
5721,2025-09-18,SKU-14,Dimensional,201,3,L1
5722,2025-09-18,SKU-16,Dimensional,152,2,L1
5723,2025-09-18,SKU-30,Dimensional,211,2,L1
5724,2025-09-18,SKU-24,Surface,151,0,L1
5725,2025-09-18,SKU-22,Assembly,223,5,L1
5726,2025-09-18,SKU-17,Material,213,6,L1
5727,2025-09-18,SKU-08,Surface,205,4,L1
5728,2025-09-18,SKU-12,Dimensional,218,4,L1
5729,2025-09-18,SKU-13,Dimensional,168,7,L1
5730,2025-09-18,SKU-17,Packaging,172,2,L2
5731,2025-09-18,SKU-15,Surface,226,5,L2
5732,2025-09-18,SKU-20,Surface,115,3,L2
5733,2025-09-18,SKU-26,Dimensional,194,1,L2
5734,2025-09-18,SKU-01,Dimensional,271,7,L2
5735,2025-09-18,SKU-11,Surface,124,4,L2
5736,2025-09-18,SKU-05,Packaging,239,4,L2
5737,2025-09-18,SKU-10,Surface,295,6,L2
5738,2025-09-18,SKU-18,Dimensional,198,2,L2
5739,2025-09-18,SKU-14,Surface,234,5,L2
5740,2025-09-18,SKU-29,Surface,200,2,L3
5741,2025-09-18,SKU-25,Surface,207,3,L3
5742,2025-09-18,SKU-15,Dimensional,119,0,L3
5743,2025-09-18,SKU-11,Surface,233,0,L3
5744,2025-09-18,SKU-24,Assembly,212,3,L3
5745,2025-09-18,SKU-20,Surface,278,4,L3
5746,2025-09-18,SKU-17,Dimensional,239,3,L3
5747,2025-09-18,SKU-21,Material,206,5,L3
5748,2025-09-18,SKU-13,Packaging,172,5,L3
5749,2025-09-18,SKU-12,Surface,140,3,L3
5750,2025-09-19,SKU-12,Surface,255,6,L1
5751,2025-09-19,SKU-19,Assembly,314,3,L1
5752,2025-09-19,SKU-08,Packaging,117,1,L1
5753,2025-09-19,SKU-15,Dimensional,239,5,L1
5754,2025-09-19,SKU-25,Packaging,206,1,L1
5755,2025-09-19,SKU-03,Assembly,246,1,L1
5756,2025-09-19,SKU-24,Assembly,269,13,L1
5757,2025-09-19,SKU-01,Dimensional,221,5,L1
5758,2025-09-19,SKU-09,Assembly,170,0,L1
5759,2025-09-19,SKU-07,Dimensional,163,1,L1
5760,2025-09-19,SKU-07,Surface,113,4,L2
5761,2025-09-19,SKU-22,Surface,216,5,L2
5762,2025-09-19,SKU-30,Assembly,181,3,L2
5763,2025-09-19,SKU-19,Surface,257,5,L2
5764,2025-09-19,SKU-01,Surface,231,4,L2
5765,2025-09-19,SKU-23,Surface,179,1,L2
5766,2025-09-19,SKU-25,Surface,81,1,L2
5767,2025-09-19,SKU-21,Surface,203,1,L2
5768,2025-09-19,SKU-24,Surface,197,4,L2
5769,2025-09-19,SKU-15,Dimensional,80,0,L2
5770,2025-09-19,SKU-09,Surface,224,5,L3
5771,2025-09-19,SKU-17,Assembly,130,2,L3
5772,2025-09-19,SKU-21,Material,261,7,L3
5773,2025-09-19,SKU-27,Material,194,2,L3
5774,2025-09-19,SKU-23,Packaging,162,3,L3
5775,2025-09-19,SKU-24,Dimensional,211,5,L3
5776,2025-09-19,SKU-06,Assembly,207,5,L3
5777,2025-09-19,SKU-26,Packaging,205,5,L3
5778,2025-09-19,SKU-02,Surface,252,3,L3
5779,2025-09-19,SKU-08,Dimensional,91,3,L3
5780,2025-09-20,SKU-22,Dimensional,215,0,L1
5781,2025-09-20,SKU-09,Surface,157,4,L1
5782,2025-09-20,SKU-18,Surface,183,2,L1
5783,2025-09-20,SKU-26,Dimensional,284,2,L1
5784,2025-09-20,SKU-30,Assembly,152,3,L1
5785,2025-09-20,SKU-20,Assembly,223,5,L1
5786,2025-09-20,SKU-06,Surface,254,5,L1
5787,2025-09-20,SKU-14,Packaging,229,3,L1
5788,2025-09-20,SKU-28,Assembly,203,4,L1
5789,2025-09-20,SKU-27,Assembly,212,5,L1
5790,2025-09-20,SKU-06,Dimensional,233,4,L2
5791,2025-09-20,SKU-24,Dimensional,151,3,L2
5792,2025-09-20,SKU-11,Dimensional,198,4,L2
5793,2025-09-20,SKU-28,Surface,332,4,L2
5794,2025-09-20,SKU-30,Assembly,225,6,L2
5795,2025-09-20,SKU-05,Assembly,205,8,L2
5796,2025-09-20,SKU-22,Assembly,177,4,L2
5797,2025-09-20,SKU-13,Packaging,152,2,L2
5798,2025-09-20,SKU-17,Dimensional,214,6,L2
5799,2025-09-20,SKU-21,Assembly,219,7,L2
5800,2025-09-20,SKU-26,Packaging,194,3,L3
5801,2025-09-20,SKU-01,Surface,362,8,L3
5802,2025-09-20,SKU-21,Material,156,2,L3
5803,2025-09-20,SKU-20,Assembly,143,4,L3
5804,2025-09-20,SKU-15,Surface,178,3,L3
5805,2025-09-20,SKU-13,Material,196,5,L3
5806,2025-09-20,SKU-24,Surface,149,1,L3
5807,2025-09-20,SKU-14,Assembly,213,5,L3
5808,2025-09-20,SKU-16,Packaging,219,2,L3
5809,2025-09-20,SKU-05,Dimensional,240,3,L3
5810,2025-09-21,SKU-13,Assembly,168,1,L1
5811,2025-09-21,SKU-16,Packaging,278,7,L1
5812,2025-09-21,SKU-18,Packaging,236,7,L1
5813,2025-09-21,SKU-06,Dimensional,368,1,L1
5814,2025-09-21,SKU-27,Packaging,155,2,L1
5815,2025-09-21,SKU-28,Packaging,148,1,L1
5816,2025-09-21,SKU-09,Assembly,182,1,L1
5817,2025-09-21,SKU-23,Dimensional,220,4,L1
5818,2025-09-21,SKU-19,Packaging,228,5,L1
5819,2025-09-21,SKU-08,Dimensional,236,3,L1
5820,2025-09-21,SKU-29,Material,327,7,L2
5821,2025-09-21,SKU-05,Surface,88,0,L2
5822,2025-09-21,SKU-08,Packaging,95,1,L2
5823,2025-09-21,SKU-03,Surface,192,2,L2
5824,2025-09-21,SKU-17,Dimensional,320,8,L2
5825,2025-09-21,SKU-19,Packaging,243,2,L2
5826,2025-09-21,SKU-20,Surface,140,2,L2
5827,2025-09-21,SKU-10,Surface,210,0,L2
5828,2025-09-21,SKU-27,Dimensional,189,3,L2
5829,2025-09-21,SKU-21,Surface,187,2,L2
5830,2025-09-21,SKU-16,Dimensional,167,3,L3
5831,2025-09-21,SKU-22,Material,205,5,L3
5832,2025-09-21,SKU-09,Packaging,264,4,L3
5833,2025-09-21,SKU-27,Assembly,172,4,L3
5834,2025-09-21,SKU-01,Assembly,236,3,L3
5835,2025-09-21,SKU-14,Material,247,7,L3
5836,2025-09-21,SKU-10,Dimensional,277,10,L3
5837,2025-09-21,SKU-06,Assembly,148,2,L3
5838,2025-09-21,SKU-30,Dimensional,200,3,L3
5839,2025-09-21,SKU-25,Dimensional,161,0,L3
5840,2025-09-22,SKU-27,Dimensional,205,2,L1
5841,2025-09-22,SKU-28,Dimensional,205,2,L1
5842,2025-09-22,SKU-08,Surface,134,2,L1
5843,2025-09-22,SKU-11,Packaging,209,5,L1
5844,2025-09-22,SKU-01,Dimensional,331,7,L1
5845,2025-09-22,SKU-29,Assembly,229,2,L1
5846,2025-09-22,SKU-26,Packaging,122,4,L1
5847,2025-09-22,SKU-15,Surface,144,1,L1
5848,2025-09-22,SKU-05,Assembly,197,3,L1
5849,2025-09-22,SKU-07,Dimensional,145,2,L1
5850,2025-09-22,SKU-25,Assembly,273,3,L2
5851,2025-09-22,SKU-06,Assembly,116,3,L2
5852,2025-09-22,SKU-24,Surface,229,3,L2
5853,2025-09-22,SKU-02,Dimensional,105,1,L2
5854,2025-09-22,SKU-12,Surface,196,6,L2
5855,2025-09-22,SKU-11,Assembly,137,2,L2
5856,2025-09-22,SKU-20,Assembly,240,0,L2
5857,2025-09-22,SKU-28,Dimensional,262,2,L2
5858,2025-09-22,SKU-07,Surface,219,4,L2
5859,2025-09-22,SKU-16,Packaging,265,6,L2
5860,2025-09-22,SKU-28,Surface,80,0,L3
5861,2025-09-22,SKU-27,Surface,208,3,L3
5862,2025-09-22,SKU-17,Assembly,228,6,L3
5863,2025-09-22,SKU-20,Assembly,236,4,L3
5864,2025-09-22,SKU-14,Dimensional,89,1,L3
5865,2025-09-22,SKU-04,Surface,224,2,L3
5866,2025-09-22,SKU-12,Assembly,237,6,L3
5867,2025-09-22,SKU-05,Surface,207,0,L3
5868,2025-09-22,SKU-16,Dimensional,123,4,L3
5869,2025-09-22,SKU-06,Surface,167,0,L3
5870,2025-09-23,SKU-29,Surface,274,5,L1
5871,2025-09-23,SKU-19,Assembly,266,6,L1
5872,2025-09-23,SKU-24,Material,227,5,L1
5873,2025-09-23,SKU-03,Dimensional,241,10,L1
5874,2025-09-23,SKU-11,Surface,258,1,L1
5875,2025-09-23,SKU-08,Assembly,226,7,L1
5876,2025-09-23,SKU-15,Assembly,272,4,L1
5877,2025-09-23,SKU-28,Assembly,269,7,L1
5878,2025-09-23,SKU-14,Assembly,354,4,L1
5879,2025-09-23,SKU-05,Dimensional,169,2,L1
5880,2025-09-23,SKU-11,Dimensional,170,1,L2
5881,2025-09-23,SKU-03,Material,80,1,L2
5882,2025-09-23,SKU-23,Material,222,3,L2
5883,2025-09-23,SKU-15,Assembly,316,6,L2
5884,2025-09-23,SKU-06,Surface,277,6,L2
5885,2025-09-23,SKU-17,Surface,249,5,L2
5886,2025-09-23,SKU-07,Assembly,282,5,L2
5887,2025-09-23,SKU-19,Dimensional,229,5,L2
5888,2025-09-23,SKU-24,Dimensional,182,4,L2
5889,2025-09-23,SKU-13,Assembly,334,5,L2
5890,2025-09-23,SKU-18,Surface,225,7,L3
5891,2025-09-23,SKU-06,Assembly,268,5,L3
5892,2025-09-23,SKU-11,Assembly,80,2,L3
5893,2025-09-23,SKU-03,Packaging,80,2,L3
5894,2025-09-23,SKU-17,Surface,210,6,L3
5895,2025-09-23,SKU-01,Surface,145,0,L3
5896,2025-09-23,SKU-10,Material,215,4,L3
5897,2025-09-23,SKU-16,Surface,170,3,L3
5898,2025-09-23,SKU-29,Dimensional,366,10,L3
5899,2025-09-23,SKU-25,Packaging,262,7,L3
5900,2025-09-24,SKU-10,Assembly,288,5,L1
5901,2025-09-24,SKU-09,Dimensional,80,1,L1
5902,2025-09-24,SKU-27,Surface,248,2,L1
5903,2025-09-24,SKU-19,Surface,189,2,L1
5904,2025-09-24,SKU-21,Packaging,290,7,L1
5905,2025-09-24,SKU-11,Material,239,6,L1
5906,2025-09-24,SKU-24,Assembly,197,4,L1
5907,2025-09-24,SKU-02,Assembly,128,0,L1
5908,2025-09-24,SKU-16,Dimensional,209,4,L1
5909,2025-09-24,SKU-18,Packaging,272,9,L1
5910,2025-09-24,SKU-29,Material,294,2,L2
5911,2025-09-24,SKU-28,Packaging,178,4,L2
5912,2025-09-24,SKU-11,Packaging,351,12,L2
5913,2025-09-24,SKU-05,Dimensional,267,4,L2
5914,2025-09-24,SKU-26,Material,147,4,L2
5915,2025-09-24,SKU-01,Packaging,133,2,L2
5916,2025-09-24,SKU-07,Packaging,193,6,L2
5917,2025-09-24,SKU-03,Assembly,178,0,L2
5918,2025-09-24,SKU-21,Surface,230,2,L2
5919,2025-09-24,SKU-30,Material,202,3,L2
5920,2025-09-24,SKU-09,Dimensional,183,5,L3
5921,2025-09-24,SKU-10,Assembly,108,1,L3
5922,2025-09-24,SKU-04,Material,241,3,L3
5923,2025-09-24,SKU-25,Surface,103,2,L3
5924,2025-09-24,SKU-18,Dimensional,267,5,L3
5925,2025-09-24,SKU-30,Dimensional,82,2,L3
5926,2025-09-24,SKU-20,Assembly,100,2,L3
5927,2025-09-24,SKU-06,Dimensional,146,1,L3
5928,2025-09-24,SKU-17,Surface,173,3,L3
5929,2025-09-24,SKU-14,Packaging,161,4,L3
5930,2025-09-25,SKU-29,Packaging,173,5,L1
5931,2025-09-25,SKU-11,Surface,216,2,L1
5932,2025-09-25,SKU-10,Surface,148,0,L1
5933,2025-09-25,SKU-04,Material,217,3,L1
5934,2025-09-25,SKU-18,Assembly,80,1,L1
5935,2025-09-25,SKU-20,Dimensional,145,5,L1
5936,2025-09-25,SKU-13,Surface,97,0,L1
5937,2025-09-25,SKU-05,Surface,266,8,L1
5938,2025-09-25,SKU-09,Assembly,155,2,L1
5939,2025-09-25,SKU-02,Surface,236,0,L1
5940,2025-09-25,SKU-09,Packaging,88,1,L2
5941,2025-09-25,SKU-20,Packaging,292,4,L2
5942,2025-09-25,SKU-01,Surface,206,6,L2
5943,2025-09-25,SKU-26,Surface,326,4,L2
5944,2025-09-25,SKU-30,Dimensional,198,7,L2
5945,2025-09-25,SKU-19,Assembly,108,3,L2
5946,2025-09-25,SKU-02,Assembly,138,2,L2
5947,2025-09-25,SKU-07,Assembly,185,1,L2
5948,2025-09-25,SKU-05,Packaging,141,3,L2
5949,2025-09-25,SKU-28,Assembly,259,4,L2
5950,2025-09-25,SKU-10,Material,204,5,L3
5951,2025-09-25,SKU-06,Surface,141,3,L3
5952,2025-09-25,SKU-11,Surface,249,11,L3
5953,2025-09-25,SKU-27,Material,177,2,L3
5954,2025-09-25,SKU-01,Surface,246,6,L3
5955,2025-09-25,SKU-23,Material,167,2,L3
5956,2025-09-25,SKU-26,Surface,232,2,L3
5957,2025-09-25,SKU-15,Assembly,175,3,L3
5958,2025-09-25,SKU-22,Packaging,259,3,L3
5959,2025-09-25,SKU-07,Assembly,89,0,L3
5960,2025-09-26,SKU-14,Surface,124,0,L1
5961,2025-09-26,SKU-03,Dimensional,190,1,L1
5962,2025-09-26,SKU-30,Surface,157,1,L1
5963,2025-09-26,SKU-10,Packaging,173,5,L1
5964,2025-09-26,SKU-23,Surface,239,4,L1
5965,2025-09-26,SKU-16,Packaging,172,2,L1
5966,2025-09-26,SKU-21,Assembly,219,5,L1
5967,2025-09-26,SKU-18,Surface,145,2,L1
5968,2025-09-26,SKU-15,Assembly,80,1,L1
5969,2025-09-26,SKU-06,Dimensional,245,4,L1
5970,2025-09-26,SKU-30,Packaging,308,3,L2
5971,2025-09-26,SKU-14,Surface,213,4,L2
5972,2025-09-26,SKU-20,Surface,193,3,L2
5973,2025-09-26,SKU-01,Surface,206,5,L2
5974,2025-09-26,SKU-16,Surface,282,5,L2
5975,2025-09-26,SKU-12,Surface,248,3,L2
5976,2025-09-26,SKU-26,Surface,245,3,L2
5977,2025-09-26,SKU-13,Dimensional,265,11,L2
5978,2025-09-26,SKU-11,Dimensional,192,0,L2
5979,2025-09-26,SKU-17,Dimensional,167,5,L2
5980,2025-09-26,SKU-26,Surface,233,5,L3
5981,2025-09-26,SKU-29,Dimensional,260,6,L3
5982,2025-09-26,SKU-01,Packaging,273,7,L3
5983,2025-09-26,SKU-13,Dimensional,291,6,L3
5984,2025-09-26,SKU-05,Surface,254,4,L3
5985,2025-09-26,SKU-17,Dimensional,163,6,L3
5986,2025-09-26,SKU-22,Surface,212,5,L3
5987,2025-09-26,SKU-10,Dimensional,207,2,L3
5988,2025-09-26,SKU-27,Surface,200,6,L3
5989,2025-09-26,SKU-28,Assembly,233,0,L3
5990,2025-09-27,SKU-22,Surface,187,7,L1
5991,2025-09-27,SKU-16,Surface,187,0,L1
5992,2025-09-27,SKU-21,Dimensional,313,8,L1
5993,2025-09-27,SKU-10,Surface,195,3,L1
5994,2025-09-27,SKU-12,Surface,264,3,L1
5995,2025-09-27,SKU-07,Packaging,268,6,L1
5996,2025-09-27,SKU-05,Surface,214,4,L1
5997,2025-09-27,SKU-18,Material,189,5,L1
5998,2025-09-27,SKU-26,Assembly,148,0,L1
5999,2025-09-27,SKU-17,Material,236,6,L1
6000,2025-09-27,SKU-14,Surface,228,5,L2
6001,2025-09-27,SKU-16,Material,180,5,L2
6002,2025-09-27,SKU-12,Material,197,2,L2
6003,2025-09-27,SKU-21,Surface,181,7,L2
6004,2025-09-27,SKU-26,Dimensional,95,2,L2
6005,2025-09-27,SKU-13,Assembly,99,1,L2
6006,2025-09-27,SKU-19,Packaging,173,0,L2
6007,2025-09-27,SKU-02,Surface,223,3,L2
6008,2025-09-27,SKU-30,Surface,80,2,L2
6009,2025-09-27,SKU-05,Surface,286,9,L2
6010,2025-09-27,SKU-27,Surface,221,4,L3
6011,2025-09-27,SKU-23,Dimensional,279,10,L3
6012,2025-09-27,SKU-06,Dimensional,268,2,L3
6013,2025-09-27,SKU-19,Surface,212,5,L3
6014,2025-09-27,SKU-30,Material,91,2,L3
6015,2025-09-27,SKU-08,Packaging,336,8,L3
6016,2025-09-27,SKU-11,Packaging,288,6,L3
6017,2025-09-27,SKU-28,Surface,195,4,L3
6018,2025-09-27,SKU-09,Surface,151,1,L3
6019,2025-09-27,SKU-01,Assembly,275,9,L3
6020,2025-09-28,SKU-13,Surface,140,4,L1
6021,2025-09-28,SKU-20,Surface,194,4,L1
6022,2025-09-28,SKU-14,Packaging,227,6,L1
6023,2025-09-28,SKU-30,Material,204,6,L1
6024,2025-09-28,SKU-22,Assembly,218,5,L1
6025,2025-09-28,SKU-10,Packaging,150,6,L1
6026,2025-09-28,SKU-21,Assembly,228,6,L1
6027,2025-09-28,SKU-06,Dimensional,103,1,L1
6028,2025-09-28,SKU-09,Assembly,274,6,L1
6029,2025-09-28,SKU-02,Dimensional,85,2,L1
6030,2025-09-28,SKU-13,Surface,167,5,L2
6031,2025-09-28,SKU-14,Material,194,4,L2
6032,2025-09-28,SKU-30,Dimensional,270,2,L2
6033,2025-09-28,SKU-01,Dimensional,140,2,L2
6034,2025-09-28,SKU-20,Dimensional,249,1,L2
6035,2025-09-28,SKU-29,Packaging,99,2,L2
6036,2025-09-28,SKU-25,Material,163,2,L2
6037,2025-09-28,SKU-21,Assembly,88,1,L2
6038,2025-09-28,SKU-06,Surface,199,5,L2
6039,2025-09-28,SKU-04,Surface,153,5,L2
6040,2025-09-28,SKU-18,Surface,158,2,L3
6041,2025-09-28,SKU-25,Surface,292,6,L3
6042,2025-09-28,SKU-29,Surface,166,3,L3
6043,2025-09-28,SKU-03,Surface,281,9,L3
6044,2025-09-28,SKU-27,Assembly,150,2,L3
6045,2025-09-28,SKU-30,Dimensional,205,2,L3
6046,2025-09-28,SKU-19,Dimensional,196,3,L3
6047,2025-09-28,SKU-26,Dimensional,268,8,L3
6048,2025-09-28,SKU-08,Surface,180,3,L3
6049,2025-09-28,SKU-12,Packaging,239,3,L3
6050,2025-09-29,SKU-18,Packaging,235,4,L1
6051,2025-09-29,SKU-21,Material,141,1,L1
6052,2025-09-29,SKU-27,Assembly,286,5,L1
6053,2025-09-29,SKU-24,Dimensional,298,4,L1
6054,2025-09-29,SKU-29,Material,217,9,L1
6055,2025-09-29,SKU-19,Dimensional,136,0,L1
6056,2025-09-29,SKU-23,Surface,277,3,L1
6057,2025-09-29,SKU-03,Surface,198,2,L1
6058,2025-09-29,SKU-07,Assembly,216,2,L1
6059,2025-09-29,SKU-12,Dimensional,189,4,L1
6060,2025-09-29,SKU-03,Dimensional,139,1,L2
6061,2025-09-29,SKU-02,Surface,179,1,L2
6062,2025-09-29,SKU-25,Assembly,174,3,L2
6063,2025-09-29,SKU-21,Assembly,176,3,L2
6064,2025-09-29,SKU-01,Assembly,198,2,L2
6065,2025-09-29,SKU-15,Surface,241,8,L2
6066,2025-09-29,SKU-09,Surface,172,4,L2
6067,2025-09-29,SKU-04,Material,185,4,L2
6068,2025-09-29,SKU-16,Dimensional,293,7,L2
6069,2025-09-29,SKU-05,Dimensional,93,2,L2
6070,2025-09-29,SKU-15,Dimensional,273,4,L3
6071,2025-09-29,SKU-05,Surface,259,3,L3
6072,2025-09-29,SKU-22,Surface,110,2,L3
6073,2025-09-29,SKU-04,Surface,94,1,L3
6074,2025-09-29,SKU-27,Packaging,277,0,L3
6075,2025-09-29,SKU-11,Surface,123,1,L3
6076,2025-09-29,SKU-29,Surface,196,3,L3
6077,2025-09-29,SKU-06,Surface,283,8,L3
6078,2025-09-29,SKU-07,Dimensional,229,4,L3
6079,2025-09-29,SKU-08,Surface,223,2,L3
6080,2025-09-30,SKU-25,Surface,251,2,L1
6081,2025-09-30,SKU-13,Assembly,250,7,L1
6082,2025-09-30,SKU-06,Material,212,3,L1
6083,2025-09-30,SKU-05,Surface,224,0,L1
6084,2025-09-30,SKU-24,Packaging,218,4,L1
6085,2025-09-30,SKU-22,Dimensional,196,5,L1
6086,2025-09-30,SKU-26,Dimensional,195,1,L1
6087,2025-09-30,SKU-18,Dimensional,191,3,L1
6088,2025-09-30,SKU-08,Material,206,4,L1
6089,2025-09-30,SKU-21,Surface,262,2,L1
6090,2025-09-30,SKU-19,Assembly,210,6,L2
6091,2025-09-30,SKU-29,Surface,95,2,L2
6092,2025-09-30,SKU-30,Surface,164,2,L2
6093,2025-09-30,SKU-15,Surface,145,2,L2
6094,2025-09-30,SKU-03,Assembly,310,2,L2
6095,2025-09-30,SKU-08,Dimensional,129,0,L2
6096,2025-09-30,SKU-09,Packaging,303,4,L2
6097,2025-09-30,SKU-05,Surface,198,3,L2
6098,2025-09-30,SKU-18,Packaging,143,2,L2
6099,2025-09-30,SKU-22,Material,347,11,L2
6100,2025-09-30,SKU-25,Packaging,148,3,L3
6101,2025-09-30,SKU-09,Packaging,150,0,L3
6102,2025-09-30,SKU-15,Assembly,261,8,L3
6103,2025-09-30,SKU-19,Surface,262,4,L3
6104,2025-09-30,SKU-20,Surface,189,5,L3
6105,2025-09-30,SKU-01,Packaging,223,3,L3
6106,2025-09-30,SKU-04,Assembly,102,2,L3
6107,2025-09-30,SKU-22,Assembly,264,2,L3
6108,2025-09-30,SKU-06,Assembly,238,5,L3
6109,2025-09-30,SKU-24,Assembly,245,7,L3
6110,2025-10-01,SKU-13,Dimensional,158,0,L1
6111,2025-10-01,SKU-23,Packaging,167,4,L1
6112,2025-10-01,SKU-27,Assembly,167,2,L1
6113,2025-10-01,SKU-11,Assembly,90,3,L1
6114,2025-10-01,SKU-12,Packaging,249,6,L1
6115,2025-10-01,SKU-08,Surface,258,6,L1
6116,2025-10-01,SKU-14,Material,185,3,L1
6117,2025-10-01,SKU-07,Assembly,174,8,L1
6118,2025-10-01,SKU-16,Surface,233,3,L1
6119,2025-10-01,SKU-03,Packaging,227,2,L1
6120,2025-10-01,SKU-04,Packaging,290,3,L2
6121,2025-10-01,SKU-05,Surface,230,7,L2
6122,2025-10-01,SKU-01,Surface,223,4,L2
6123,2025-10-01,SKU-09,Packaging,200,3,L2
6124,2025-10-01,SKU-03,Packaging,165,2,L2
6125,2025-10-01,SKU-08,Dimensional,288,5,L2
6126,2025-10-01,SKU-22,Dimensional,152,2,L2
6127,2025-10-01,SKU-07,Surface,266,7,L2
6128,2025-10-01,SKU-10,Assembly,233,4,L2
6129,2025-10-01,SKU-24,Assembly,234,3,L2
6130,2025-10-01,SKU-04,Assembly,184,5,L3
6131,2025-10-01,SKU-20,Surface,252,2,L3
6132,2025-10-01,SKU-26,Dimensional,148,3,L3
6133,2025-10-01,SKU-16,Surface,303,0,L3
6134,2025-10-01,SKU-01,Dimensional,216,1,L3
6135,2025-10-01,SKU-09,Dimensional,161,2,L3
6136,2025-10-01,SKU-08,Material,174,2,L3
6137,2025-10-01,SKU-05,Surface,200,2,L3
6138,2025-10-01,SKU-11,Surface,112,3,L3
6139,2025-10-01,SKU-24,Assembly,245,6,L3
6140,2025-10-02,SKU-16,Surface,107,2,L1
6141,2025-10-02,SKU-28,Dimensional,240,2,L1
6142,2025-10-02,SKU-11,Surface,200,3,L1
6143,2025-10-02,SKU-18,Material,310,12,L1
6144,2025-10-02,SKU-08,Surface,100,4,L1
6145,2025-10-02,SKU-12,Surface,145,4,L1
6146,2025-10-02,SKU-19,Surface,258,2,L1
6147,2025-10-02,SKU-20,Dimensional,229,4,L1
6148,2025-10-02,SKU-26,Dimensional,233,5,L1
6149,2025-10-02,SKU-13,Surface,271,5,L1
6150,2025-10-02,SKU-17,Packaging,189,5,L2
6151,2025-10-02,SKU-22,Material,234,6,L2
6152,2025-10-02,SKU-06,Surface,160,1,L2
6153,2025-10-02,SKU-19,Dimensional,165,2,L2
6154,2025-10-02,SKU-04,Surface,247,7,L2
6155,2025-10-02,SKU-30,Surface,190,6,L2
6156,2025-10-02,SKU-28,Surface,282,6,L2
6157,2025-10-02,SKU-23,Dimensional,150,5,L2
6158,2025-10-02,SKU-02,Surface,196,4,L2
6159,2025-10-02,SKU-18,Assembly,179,1,L2
6160,2025-10-02,SKU-05,Packaging,111,2,L3
6161,2025-10-02,SKU-19,Surface,152,7,L3
6162,2025-10-02,SKU-06,Surface,134,0,L3
6163,2025-10-02,SKU-24,Dimensional,230,8,L3
6164,2025-10-02,SKU-27,Dimensional,203,5,L3
6165,2025-10-02,SKU-17,Assembly,89,1,L3
6166,2025-10-02,SKU-30,Material,135,0,L3
6167,2025-10-02,SKU-23,Dimensional,207,0,L3
6168,2025-10-02,SKU-02,Dimensional,120,1,L3
6169,2025-10-02,SKU-09,Surface,150,3,L3
6170,2025-10-03,SKU-01,Packaging,218,6,L1
6171,2025-10-03,SKU-19,Assembly,245,7,L1
6172,2025-10-03,SKU-14,Packaging,199,4,L1
6173,2025-10-03,SKU-21,Packaging,230,4,L1
6174,2025-10-03,SKU-20,Packaging,176,2,L1
6175,2025-10-03,SKU-29,Packaging,150,3,L1
6176,2025-10-03,SKU-10,Dimensional,194,2,L1
6177,2025-10-03,SKU-15,Dimensional,160,1,L1
6178,2025-10-03,SKU-03,Assembly,258,5,L1
6179,2025-10-03,SKU-25,Surface,148,4,L1
6180,2025-10-03,SKU-26,Material,166,0,L2
6181,2025-10-03,SKU-08,Packaging,261,3,L2
6182,2025-10-03,SKU-03,Material,175,3,L2
6183,2025-10-03,SKU-04,Dimensional,268,5,L2
6184,2025-10-03,SKU-13,Assembly,128,3,L2
6185,2025-10-03,SKU-10,Dimensional,170,6,L2
6186,2025-10-03,SKU-14,Surface,199,0,L2
6187,2025-10-03,SKU-11,Dimensional,221,8,L2
6188,2025-10-03,SKU-07,Assembly,294,11,L2
6189,2025-10-03,SKU-18,Dimensional,138,4,L2
6190,2025-10-03,SKU-18,Material,156,3,L3
6191,2025-10-03,SKU-29,Surface,123,1,L3
6192,2025-10-03,SKU-11,Packaging,159,4,L3
6193,2025-10-03,SKU-12,Dimensional,248,5,L3
6194,2025-10-03,SKU-10,Surface,118,1,L3
6195,2025-10-03,SKU-01,Surface,155,4,L3
6196,2025-10-03,SKU-27,Packaging,270,8,L3
6197,2025-10-03,SKU-30,Surface,154,0,L3
6198,2025-10-03,SKU-08,Surface,93,3,L3
6199,2025-10-03,SKU-19,Surface,175,2,L3
6200,2025-10-04,SKU-29,Dimensional,298,9,L1
6201,2025-10-04,SKU-16,Surface,201,3,L1
6202,2025-10-04,SKU-17,Surface,192,4,L1
6203,2025-10-04,SKU-01,Dimensional,296,7,L1
6204,2025-10-04,SKU-03,Assembly,243,7,L1
6205,2025-10-04,SKU-02,Surface,129,3,L1
6206,2025-10-04,SKU-12,Assembly,182,0,L1
6207,2025-10-04,SKU-20,Dimensional,80,0,L1
6208,2025-10-04,SKU-11,Dimensional,231,4,L1
6209,2025-10-04,SKU-22,Dimensional,211,8,L1
6210,2025-10-04,SKU-26,Dimensional,123,2,L2
6211,2025-10-04,SKU-06,Dimensional,218,2,L2
6212,2025-10-04,SKU-23,Dimensional,201,0,L2
6213,2025-10-04,SKU-09,Dimensional,284,3,L2
6214,2025-10-04,SKU-17,Assembly,321,6,L2
6215,2025-10-04,SKU-27,Surface,261,5,L2
6216,2025-10-04,SKU-03,Dimensional,198,2,L2
6217,2025-10-04,SKU-29,Assembly,207,4,L2
6218,2025-10-04,SKU-05,Assembly,152,2,L2
6219,2025-10-04,SKU-19,Surface,163,7,L2
6220,2025-10-04,SKU-12,Packaging,194,6,L3
6221,2025-10-04,SKU-03,Dimensional,188,4,L3
6222,2025-10-04,SKU-17,Dimensional,120,1,L3
6223,2025-10-04,SKU-16,Assembly,212,7,L3
6224,2025-10-04,SKU-02,Material,213,7,L3
6225,2025-10-04,SKU-04,Packaging,238,8,L3
6226,2025-10-04,SKU-20,Dimensional,196,8,L3
6227,2025-10-04,SKU-05,Dimensional,170,2,L3
6228,2025-10-04,SKU-13,Packaging,127,5,L3
6229,2025-10-04,SKU-24,Surface,249,4,L3
6230,2025-10-05,SKU-12,Dimensional,274,7,L1
6231,2025-10-05,SKU-11,Assembly,317,1,L1
6232,2025-10-05,SKU-18,Material,184,2,L1
6233,2025-10-05,SKU-26,Surface,81,2,L1
6234,2025-10-05,SKU-13,Packaging,183,5,L1
6235,2025-10-05,SKU-03,Dimensional,341,5,L1
6236,2025-10-05,SKU-10,Dimensional,174,3,L1
6237,2025-10-05,SKU-22,Dimensional,259,3,L1
6238,2025-10-05,SKU-17,Material,162,4,L1
6239,2025-10-05,SKU-16,Packaging,222,0,L1
6240,2025-10-05,SKU-05,Assembly,126,4,L2
6241,2025-10-05,SKU-02,Packaging,224,2,L2
6242,2025-10-05,SKU-29,Assembly,189,3,L2
6243,2025-10-05,SKU-23,Assembly,244,1,L2
6244,2025-10-05,SKU-17,Surface,149,3,L2
6245,2025-10-05,SKU-22,Dimensional,194,4,L2
6246,2025-10-05,SKU-25,Assembly,126,2,L2
6247,2025-10-05,SKU-06,Surface,265,6,L2
6248,2025-10-05,SKU-15,Assembly,208,3,L2
6249,2025-10-05,SKU-04,Surface,149,2,L2
6250,2025-10-05,SKU-11,Surface,275,5,L3
6251,2025-10-05,SKU-09,Assembly,146,2,L3
6252,2025-10-05,SKU-13,Material,212,3,L3
6253,2025-10-05,SKU-15,Material,229,5,L3
6254,2025-10-05,SKU-17,Packaging,253,8,L3
6255,2025-10-05,SKU-25,Surface,259,2,L3
6256,2025-10-05,SKU-07,Packaging,145,2,L3
6257,2025-10-05,SKU-20,Assembly,172,1,L3
6258,2025-10-05,SKU-05,Dimensional,173,2,L3
6259,2025-10-05,SKU-18,Surface,159,2,L3
6260,2025-10-06,SKU-24,Dimensional,270,5,L1
6261,2025-10-06,SKU-29,Surface,348,7,L1
6262,2025-10-06,SKU-23,Dimensional,182,3,L1
6263,2025-10-06,SKU-02,Packaging,215,5,L1
6264,2025-10-06,SKU-07,Material,324,3,L1
6265,2025-10-06,SKU-06,Assembly,251,5,L1
6266,2025-10-06,SKU-15,Assembly,105,2,L1
6267,2025-10-06,SKU-05,Assembly,276,3,L1
6268,2025-10-06,SKU-13,Dimensional,199,0,L1
6269,2025-10-06,SKU-28,Packaging,124,3,L1
6270,2025-10-06,SKU-01,Packaging,172,1,L2
6271,2025-10-06,SKU-18,Dimensional,213,3,L2
6272,2025-10-06,SKU-10,Surface,171,4,L2
6273,2025-10-06,SKU-04,Dimensional,130,1,L2
6274,2025-10-06,SKU-20,Dimensional,209,6,L2
6275,2025-10-06,SKU-12,Surface,274,3,L2
6276,2025-10-06,SKU-06,Surface,256,3,L2
6277,2025-10-06,SKU-15,Surface,309,2,L2
6278,2025-10-06,SKU-26,Surface,279,3,L2
6279,2025-10-06,SKU-30,Packaging,320,8,L2
6280,2025-10-06,SKU-02,Material,139,2,L3
6281,2025-10-06,SKU-20,Assembly,246,7,L3
6282,2025-10-06,SKU-28,Packaging,195,3,L3
6283,2025-10-06,SKU-30,Surface,245,5,L3
6284,2025-10-06,SKU-06,Assembly,122,1,L3
6285,2025-10-06,SKU-22,Surface,214,6,L3
6286,2025-10-06,SKU-14,Assembly,296,8,L3
6287,2025-10-06,SKU-13,Surface,217,5,L3
6288,2025-10-06,SKU-23,Dimensional,159,2,L3
6289,2025-10-06,SKU-05,Material,150,1,L3
6290,2025-10-07,SKU-24,Material,220,4,L1
6291,2025-10-07,SKU-19,Surface,241,6,L1
6292,2025-10-07,SKU-26,Dimensional,214,5,L1
6293,2025-10-07,SKU-09,Dimensional,197,4,L1
6294,2025-10-07,SKU-15,Dimensional,156,3,L1
6295,2025-10-07,SKU-08,Surface,240,3,L1
6296,2025-10-07,SKU-07,Assembly,203,2,L1
6297,2025-10-07,SKU-22,Dimensional,168,1,L1
6298,2025-10-07,SKU-29,Material,275,8,L1
6299,2025-10-07,SKU-03,Packaging,232,9,L1
6300,2025-10-07,SKU-12,Surface,188,9,L2
6301,2025-10-07,SKU-26,Packaging,186,4,L2
6302,2025-10-07,SKU-03,Surface,176,4,L2
6303,2025-10-07,SKU-27,Dimensional,250,4,L2
6304,2025-10-07,SKU-21,Material,306,6,L2
6305,2025-10-07,SKU-16,Dimensional,216,2,L2
6306,2025-10-07,SKU-28,Assembly,225,4,L2
6307,2025-10-07,SKU-25,Packaging,163,1,L2
6308,2025-10-07,SKU-02,Surface,360,6,L2
6309,2025-10-07,SKU-06,Dimensional,112,1,L2
6310,2025-10-07,SKU-27,Surface,196,4,L3
6311,2025-10-07,SKU-23,Packaging,233,6,L3
6312,2025-10-07,SKU-13,Material,161,3,L3
6313,2025-10-07,SKU-15,Assembly,147,2,L3
6314,2025-10-07,SKU-01,Assembly,144,1,L3
6315,2025-10-07,SKU-22,Surface,263,7,L3
6316,2025-10-07,SKU-29,Dimensional,258,5,L3
6317,2025-10-07,SKU-18,Packaging,246,0,L3
6318,2025-10-07,SKU-14,Packaging,251,5,L3
6319,2025-10-07,SKU-08,Assembly,237,5,L3
6320,2025-10-08,SKU-02,Surface,140,0,L1
6321,2025-10-08,SKU-10,Dimensional,157,4,L1
6322,2025-10-08,SKU-18,Dimensional,241,1,L1
6323,2025-10-08,SKU-23,Dimensional,141,1,L1
6324,2025-10-08,SKU-07,Surface,178,1,L1
6325,2025-10-08,SKU-16,Assembly,114,1,L1
6326,2025-10-08,SKU-08,Packaging,205,1,L1
6327,2025-10-08,SKU-15,Dimensional,193,5,L1
6328,2025-10-08,SKU-14,Surface,121,2,L1
6329,2025-10-08,SKU-26,Assembly,261,4,L1
6330,2025-10-08,SKU-22,Surface,165,5,L2
6331,2025-10-08,SKU-07,Packaging,181,5,L2
6332,2025-10-08,SKU-08,Packaging,225,3,L2
6333,2025-10-08,SKU-17,Dimensional,228,5,L2
6334,2025-10-08,SKU-09,Material,261,3,L2
6335,2025-10-08,SKU-12,Surface,202,3,L2
6336,2025-10-08,SKU-27,Surface,242,2,L2
6337,2025-10-08,SKU-18,Packaging,261,6,L2
6338,2025-10-08,SKU-19,Packaging,120,3,L2
6339,2025-10-08,SKU-14,Packaging,334,10,L2
6340,2025-10-08,SKU-14,Material,285,5,L3
6341,2025-10-08,SKU-28,Packaging,100,0,L3
6342,2025-10-08,SKU-27,Dimensional,215,3,L3
6343,2025-10-08,SKU-30,Assembly,145,2,L3
6344,2025-10-08,SKU-10,Surface,236,1,L3
6345,2025-10-08,SKU-20,Dimensional,173,6,L3
6346,2025-10-08,SKU-18,Dimensional,135,3,L3
6347,2025-10-08,SKU-23,Surface,170,4,L3
6348,2025-10-08,SKU-17,Surface,265,7,L3
6349,2025-10-08,SKU-03,Surface,254,2,L3
6350,2025-10-09,SKU-30,Material,266,3,L1
6351,2025-10-09,SKU-18,Surface,215,4,L1
6352,2025-10-09,SKU-29,Assembly,229,5,L1
6353,2025-10-09,SKU-17,Assembly,149,0,L1
6354,2025-10-09,SKU-22,Surface,252,5,L1
6355,2025-10-09,SKU-08,Material,268,5,L1
6356,2025-10-09,SKU-19,Assembly,115,3,L1
6357,2025-10-09,SKU-25,Dimensional,177,4,L1
6358,2025-10-09,SKU-15,Packaging,161,5,L1
6359,2025-10-09,SKU-23,Assembly,147,2,L1
6360,2025-10-09,SKU-07,Assembly,206,1,L2
6361,2025-10-09,SKU-08,Assembly,219,7,L2
6362,2025-10-09,SKU-29,Surface,170,4,L2
6363,2025-10-09,SKU-19,Surface,80,1,L2
6364,2025-10-09,SKU-16,Dimensional,181,2,L2
6365,2025-10-09,SKU-24,Material,264,4,L2
6366,2025-10-09,SKU-09,Dimensional,189,3,L2
6367,2025-10-09,SKU-13,Dimensional,84,0,L2
6368,2025-10-09,SKU-06,Packaging,257,0,L2
6369,2025-10-09,SKU-14,Surface,154,2,L2
6370,2025-10-09,SKU-06,Dimensional,304,8,L3
6371,2025-10-09,SKU-01,Surface,166,5,L3
6372,2025-10-09,SKU-08,Dimensional,155,4,L3
6373,2025-10-09,SKU-29,Surface,118,3,L3
6374,2025-10-09,SKU-11,Packaging,175,1,L3
6375,2025-10-09,SKU-28,Material,186,4,L3
6376,2025-10-09,SKU-14,Dimensional,170,4,L3
6377,2025-10-09,SKU-03,Packaging,165,4,L3
6378,2025-10-09,SKU-26,Surface,226,4,L3
6379,2025-10-09,SKU-30,Assembly,173,3,L3
6380,2025-10-10,SKU-04,Packaging,233,9,L1
6381,2025-10-10,SKU-13,Assembly,256,7,L1
6382,2025-10-10,SKU-19,Packaging,385,9,L1
6383,2025-10-10,SKU-24,Dimensional,229,6,L1
6384,2025-10-10,SKU-23,Dimensional,139,2,L1
6385,2025-10-10,SKU-22,Dimensional,169,4,L1
6386,2025-10-10,SKU-25,Assembly,189,4,L1
6387,2025-10-10,SKU-05,Packaging,265,7,L1
6388,2025-10-10,SKU-26,Surface,190,2,L1
6389,2025-10-10,SKU-28,Packaging,268,7,L1
6390,2025-10-10,SKU-22,Surface,103,1,L2
6391,2025-10-10,SKU-29,Packaging,209,5,L2
6392,2025-10-10,SKU-21,Dimensional,254,5,L2
6393,2025-10-10,SKU-24,Packaging,235,4,L2
6394,2025-10-10,SKU-19,Packaging,159,2,L2
6395,2025-10-10,SKU-30,Packaging,201,3,L2
6396,2025-10-10,SKU-25,Surface,86,1,L2
6397,2025-10-10,SKU-04,Surface,203,3,L2
6398,2025-10-10,SKU-10,Dimensional,185,4,L2
6399,2025-10-10,SKU-03,Surface,135,0,L2
6400,2025-10-10,SKU-15,Dimensional,179,4,L3
6401,2025-10-10,SKU-27,Packaging,301,8,L3
6402,2025-10-10,SKU-24,Material,111,1,L3
6403,2025-10-10,SKU-10,Dimensional,215,4,L3
6404,2025-10-10,SKU-28,Dimensional,232,2,L3
6405,2025-10-10,SKU-18,Packaging,203,4,L3
6406,2025-10-10,SKU-23,Assembly,249,2,L3
6407,2025-10-10,SKU-16,Surface,179,0,L3
6408,2025-10-10,SKU-03,Dimensional,162,2,L3
6409,2025-10-10,SKU-29,Material,138,2,L3
6410,2025-10-11,SKU-30,Assembly,196,0,L1
6411,2025-10-11,SKU-02,Surface,212,2,L1
6412,2025-10-11,SKU-05,Dimensional,229,1,L1
6413,2025-10-11,SKU-13,Surface,201,3,L1
6414,2025-10-11,SKU-24,Dimensional,218,4,L1
6415,2025-10-11,SKU-07,Dimensional,184,0,L1
6416,2025-10-11,SKU-20,Assembly,111,1,L1
6417,2025-10-11,SKU-15,Packaging,199,2,L1
6418,2025-10-11,SKU-18,Surface,237,4,L1
6419,2025-10-11,SKU-03,Surface,142,2,L1
6420,2025-10-11,SKU-17,Surface,213,4,L2
6421,2025-10-11,SKU-18,Dimensional,312,4,L2
6422,2025-10-11,SKU-06,Dimensional,195,4,L2
6423,2025-10-11,SKU-15,Dimensional,198,2,L2
6424,2025-10-11,SKU-10,Surface,107,1,L2
6425,2025-10-11,SKU-22,Assembly,135,0,L2
6426,2025-10-11,SKU-08,Surface,152,1,L2
6427,2025-10-11,SKU-13,Surface,235,6,L2
6428,2025-10-11,SKU-23,Packaging,145,2,L2
6429,2025-10-11,SKU-27,Surface,88,1,L2
6430,2025-10-11,SKU-22,Assembly,223,6,L3
6431,2025-10-11,SKU-13,Dimensional,157,4,L3
6432,2025-10-11,SKU-16,Dimensional,109,0,L3
6433,2025-10-11,SKU-19,Assembly,242,8,L3
6434,2025-10-11,SKU-07,Dimensional,229,4,L3
6435,2025-10-11,SKU-30,Dimensional,80,0,L3
6436,2025-10-11,SKU-04,Assembly,207,3,L3
6437,2025-10-11,SKU-02,Dimensional,133,2,L3
6438,2025-10-11,SKU-08,Dimensional,206,6,L3
6439,2025-10-11,SKU-28,Surface,208,6,L3
6440,2025-10-12,SKU-17,Surface,200,3,L1
6441,2025-10-12,SKU-11,Dimensional,263,2,L1
6442,2025-10-12,SKU-20,Material,368,8,L1
6443,2025-10-12,SKU-13,Dimensional,222,5,L1
6444,2025-10-12,SKU-01,Packaging,312,8,L1
6445,2025-10-12,SKU-04,Packaging,103,3,L1
6446,2025-10-12,SKU-23,Surface,179,3,L1
6447,2025-10-12,SKU-06,Packaging,123,3,L1
6448,2025-10-12,SKU-08,Packaging,160,3,L1
6449,2025-10-12,SKU-22,Packaging,182,7,L1
6450,2025-10-12,SKU-20,Surface,318,6,L2
6451,2025-10-12,SKU-26,Surface,203,3,L2
6452,2025-10-12,SKU-01,Assembly,266,4,L2
6453,2025-10-12,SKU-23,Surface,174,5,L2
6454,2025-10-12,SKU-12,Surface,167,3,L2
6455,2025-10-12,SKU-24,Surface,105,2,L2
6456,2025-10-12,SKU-04,Assembly,316,8,L2
6457,2025-10-12,SKU-25,Packaging,287,3,L2
6458,2025-10-12,SKU-22,Surface,214,2,L2
6459,2025-10-12,SKU-19,Surface,186,5,L2
6460,2025-10-12,SKU-10,Dimensional,206,1,L3
6461,2025-10-12,SKU-07,Dimensional,121,0,L3
6462,2025-10-12,SKU-19,Surface,229,9,L3
6463,2025-10-12,SKU-08,Material,281,0,L3
6464,2025-10-12,SKU-27,Assembly,285,8,L3
6465,2025-10-12,SKU-01,Dimensional,107,1,L3
6466,2025-10-12,SKU-26,Surface,265,6,L3
6467,2025-10-12,SKU-16,Assembly,121,3,L3
6468,2025-10-12,SKU-18,Dimensional,80,1,L3
6469,2025-10-12,SKU-24,Dimensional,268,5,L3
6470,2025-10-13,SKU-12,Assembly,170,4,L1
6471,2025-10-13,SKU-23,Dimensional,258,8,L1
6472,2025-10-13,SKU-11,Surface,252,7,L1
6473,2025-10-13,SKU-25,Assembly,243,5,L1
6474,2025-10-13,SKU-13,Assembly,205,3,L1
6475,2025-10-13,SKU-05,Surface,127,1,L1
6476,2025-10-13,SKU-19,Assembly,183,4,L1
6477,2025-10-13,SKU-29,Dimensional,286,5,L1
6478,2025-10-13,SKU-28,Surface,260,8,L1
6479,2025-10-13,SKU-27,Material,186,4,L1
6480,2025-10-13,SKU-20,Assembly,185,6,L2
6481,2025-10-13,SKU-05,Assembly,238,1,L2
6482,2025-10-13,SKU-15,Surface,209,7,L2
6483,2025-10-13,SKU-25,Assembly,189,4,L2
6484,2025-10-13,SKU-26,Packaging,232,2,L2
6485,2025-10-13,SKU-04,Dimensional,230,1,L2
6486,2025-10-13,SKU-19,Dimensional,162,4,L2
6487,2025-10-13,SKU-09,Surface,221,3,L2
6488,2025-10-13,SKU-14,Dimensional,226,4,L2
6489,2025-10-13,SKU-12,Assembly,200,5,L2
6490,2025-10-13,SKU-04,Surface,156,3,L3
6491,2025-10-13,SKU-23,Packaging,181,0,L3
6492,2025-10-13,SKU-28,Surface,144,5,L3
6493,2025-10-13,SKU-01,Surface,223,1,L3
6494,2025-10-13,SKU-05,Surface,107,2,L3
6495,2025-10-13,SKU-16,Dimensional,293,5,L3
6496,2025-10-13,SKU-15,Material,278,6,L3
6497,2025-10-13,SKU-22,Assembly,228,1,L3
6498,2025-10-13,SKU-30,Surface,256,4,L3
6499,2025-10-13,SKU-11,Material,251,2,L3
6500,2025-10-14,SKU-11,Surface,210,4,L1
6501,2025-10-14,SKU-23,Surface,190,4,L1
6502,2025-10-14,SKU-16,Surface,184,2,L1
6503,2025-10-14,SKU-18,Surface,296,9,L1
6504,2025-10-14,SKU-10,Dimensional,154,3,L1
6505,2025-10-14,SKU-12,Surface,155,1,L1
6506,2025-10-14,SKU-26,Material,262,0,L1
6507,2025-10-14,SKU-29,Dimensional,255,4,L1
6508,2025-10-14,SKU-09,Surface,187,4,L1
6509,2025-10-14,SKU-30,Surface,234,2,L1
6510,2025-10-14,SKU-05,Packaging,243,5,L2
6511,2025-10-14,SKU-28,Material,124,2,L2
6512,2025-10-14,SKU-15,Surface,282,10,L2
6513,2025-10-14,SKU-18,Material,243,1,L2
6514,2025-10-14,SKU-30,Dimensional,229,6,L2
6515,2025-10-14,SKU-08,Surface,243,6,L2
6516,2025-10-14,SKU-25,Packaging,221,4,L2
6517,2025-10-14,SKU-11,Packaging,163,0,L2
6518,2025-10-14,SKU-16,Packaging,220,4,L2
6519,2025-10-14,SKU-14,Dimensional,233,1,L2
6520,2025-10-14,SKU-02,Dimensional,238,9,L3
6521,2025-10-14,SKU-08,Assembly,204,3,L3
6522,2025-10-14,SKU-12,Assembly,218,8,L3
6523,2025-10-14,SKU-26,Assembly,138,3,L3
6524,2025-10-14,SKU-30,Packaging,152,2,L3
6525,2025-10-14,SKU-03,Assembly,197,6,L3
6526,2025-10-14,SKU-01,Packaging,308,7,L3
6527,2025-10-14,SKU-25,Packaging,177,7,L3
6528,2025-10-14,SKU-07,Packaging,174,2,L3
6529,2025-10-14,SKU-05,Packaging,93,3,L3
6530,2025-10-15,SKU-28,Surface,258,11,L1
6531,2025-10-15,SKU-16,Assembly,116,4,L1
6532,2025-10-15,SKU-21,Packaging,204,5,L1
6533,2025-10-15,SKU-24,Dimensional,101,3,L1
6534,2025-10-15,SKU-11,Assembly,247,4,L1
6535,2025-10-15,SKU-07,Dimensional,238,2,L1
6536,2025-10-15,SKU-30,Dimensional,165,2,L1
6537,2025-10-15,SKU-22,Dimensional,88,2,L1
6538,2025-10-15,SKU-09,Surface,271,3,L1
6539,2025-10-15,SKU-14,Packaging,220,3,L1
6540,2025-10-15,SKU-01,Dimensional,219,3,L2
6541,2025-10-15,SKU-19,Surface,146,4,L2
6542,2025-10-15,SKU-02,Assembly,196,7,L2
6543,2025-10-15,SKU-13,Surface,202,2,L2
6544,2025-10-15,SKU-25,Packaging,273,7,L2
6545,2025-10-15,SKU-06,Dimensional,243,7,L2
6546,2025-10-15,SKU-22,Packaging,160,2,L2
6547,2025-10-15,SKU-05,Packaging,189,1,L2
6548,2025-10-15,SKU-17,Packaging,184,6,L2
6549,2025-10-15,SKU-16,Packaging,214,1,L2
6550,2025-10-15,SKU-27,Surface,106,3,L3
6551,2025-10-15,SKU-23,Assembly,194,2,L3
6552,2025-10-15,SKU-06,Assembly,183,0,L3
6553,2025-10-15,SKU-24,Packaging,285,4,L3
6554,2025-10-15,SKU-10,Surface,282,5,L3
6555,2025-10-15,SKU-21,Packaging,285,6,L3
6556,2025-10-15,SKU-14,Surface,251,6,L3
6557,2025-10-15,SKU-12,Dimensional,237,5,L3
6558,2025-10-15,SKU-26,Surface,186,7,L3
6559,2025-10-15,SKU-15,Surface,145,2,L3
6560,2025-10-16,SKU-07,Surface,200,4,L1
6561,2025-10-16,SKU-26,Packaging,174,4,L1
6562,2025-10-16,SKU-29,Assembly,189,0,L1
6563,2025-10-16,SKU-15,Packaging,200,1,L1
6564,2025-10-16,SKU-09,Packaging,95,2,L1
6565,2025-10-16,SKU-05,Surface,229,5,L1
6566,2025-10-16,SKU-20,Surface,234,0,L1
6567,2025-10-16,SKU-18,Surface,118,4,L1
6568,2025-10-16,SKU-22,Surface,137,3,L1
6569,2025-10-16,SKU-30,Material,158,3,L1
6570,2025-10-16,SKU-19,Dimensional,162,4,L2
6571,2025-10-16,SKU-03,Packaging,208,3,L2
6572,2025-10-16,SKU-18,Assembly,136,3,L2
6573,2025-10-16,SKU-21,Packaging,127,3,L2
6574,2025-10-16,SKU-02,Packaging,357,11,L2
6575,2025-10-16,SKU-23,Dimensional,243,4,L2
6576,2025-10-16,SKU-29,Packaging,83,0,L2
6577,2025-10-16,SKU-24,Assembly,276,3,L2
6578,2025-10-16,SKU-17,Surface,158,2,L2
6579,2025-10-16,SKU-13,Assembly,136,1,L2
6580,2025-10-16,SKU-17,Dimensional,196,2,L3
6581,2025-10-16,SKU-11,Surface,155,1,L3
6582,2025-10-16,SKU-28,Surface,231,4,L3
6583,2025-10-16,SKU-02,Assembly,189,4,L3
6584,2025-10-16,SKU-01,Assembly,191,3,L3
6585,2025-10-16,SKU-12,Dimensional,228,6,L3
6586,2025-10-16,SKU-24,Dimensional,191,3,L3
6587,2025-10-16,SKU-27,Material,153,1,L3
6588,2025-10-16,SKU-13,Dimensional,246,6,L3
6589,2025-10-16,SKU-07,Assembly,227,5,L3
6590,2025-10-17,SKU-22,Assembly,202,5,L1
6591,2025-10-17,SKU-23,Dimensional,256,7,L1
6592,2025-10-17,SKU-02,Surface,193,6,L1
6593,2025-10-17,SKU-04,Assembly,213,5,L1
6594,2025-10-17,SKU-05,Packaging,216,4,L1
6595,2025-10-17,SKU-07,Assembly,155,4,L1
6596,2025-10-17,SKU-10,Surface,370,6,L1
6597,2025-10-17,SKU-01,Surface,204,3,L1
6598,2025-10-17,SKU-25,Surface,170,6,L1
6599,2025-10-17,SKU-29,Dimensional,159,2,L1
6600,2025-10-17,SKU-29,Packaging,104,1,L2
6601,2025-10-17,SKU-27,Dimensional,97,2,L2
6602,2025-10-17,SKU-21,Surface,367,5,L2
6603,2025-10-17,SKU-24,Assembly,99,2,L2
6604,2025-10-17,SKU-23,Dimensional,156,5,L2
6605,2025-10-17,SKU-20,Material,183,2,L2
6606,2025-10-17,SKU-09,Dimensional,189,5,L2
6607,2025-10-17,SKU-30,Dimensional,186,2,L2
6608,2025-10-17,SKU-08,Surface,188,1,L2
6609,2025-10-17,SKU-25,Surface,223,0,L2
6610,2025-10-17,SKU-16,Material,173,4,L3
6611,2025-10-17,SKU-03,Assembly,218,5,L3
6612,2025-10-17,SKU-21,Dimensional,196,6,L3
6613,2025-10-17,SKU-11,Dimensional,255,6,L3
6614,2025-10-17,SKU-04,Assembly,255,7,L3
6615,2025-10-17,SKU-08,Dimensional,173,1,L3
6616,2025-10-17,SKU-30,Surface,225,5,L3
6617,2025-10-17,SKU-28,Packaging,265,2,L3
6618,2025-10-17,SKU-18,Dimensional,145,3,L3
6619,2025-10-17,SKU-27,Assembly,195,0,L3
6620,2025-10-18,SKU-21,Dimensional,222,0,L1
6621,2025-10-18,SKU-29,Assembly,143,4,L1
6622,2025-10-18,SKU-23,Material,309,2,L1
6623,2025-10-18,SKU-13,Packaging,180,3,L1
6624,2025-10-18,SKU-12,Assembly,306,4,L1
6625,2025-10-18,SKU-06,Dimensional,171,6,L1
6626,2025-10-18,SKU-03,Packaging,177,4,L1
6627,2025-10-18,SKU-24,Material,111,2,L1
6628,2025-10-18,SKU-04,Assembly,100,0,L1
6629,2025-10-18,SKU-19,Packaging,250,4,L1
6630,2025-10-18,SKU-19,Surface,180,2,L2
6631,2025-10-18,SKU-25,Surface,186,4,L2
6632,2025-10-18,SKU-26,Packaging,258,0,L2
6633,2025-10-18,SKU-04,Dimensional,150,3,L2
6634,2025-10-18,SKU-02,Dimensional,194,4,L2
6635,2025-10-18,SKU-08,Dimensional,216,3,L2
6636,2025-10-18,SKU-12,Material,168,2,L2
6637,2025-10-18,SKU-01,Material,268,3,L2
6638,2025-10-18,SKU-23,Dimensional,196,4,L2
6639,2025-10-18,SKU-29,Surface,293,4,L2
6640,2025-10-18,SKU-11,Packaging,257,8,L3
6641,2025-10-18,SKU-09,Surface,196,3,L3
6642,2025-10-18,SKU-02,Packaging,180,3,L3
6643,2025-10-18,SKU-15,Surface,251,5,L3
6644,2025-10-18,SKU-04,Material,214,1,L3
6645,2025-10-18,SKU-25,Surface,141,5,L3
6646,2025-10-18,SKU-20,Material,189,2,L3
6647,2025-10-18,SKU-03,Dimensional,285,6,L3
6648,2025-10-18,SKU-13,Surface,234,4,L3
6649,2025-10-18,SKU-27,Packaging,180,3,L3
6650,2025-10-19,SKU-20,Packaging,117,2,L1
6651,2025-10-19,SKU-08,Dimensional,217,8,L1
6652,2025-10-19,SKU-19,Material,205,0,L1
6653,2025-10-19,SKU-16,Dimensional,194,9,L1
6654,2025-10-19,SKU-15,Surface,251,2,L1
6655,2025-10-19,SKU-04,Assembly,235,2,L1
6656,2025-10-19,SKU-12,Dimensional,118,1,L1
6657,2025-10-19,SKU-21,Dimensional,205,0,L1
6658,2025-10-19,SKU-11,Packaging,131,2,L1
6659,2025-10-19,SKU-18,Assembly,175,4,L1
6660,2025-10-19,SKU-01,Dimensional,127,3,L2
6661,2025-10-19,SKU-07,Dimensional,128,4,L2
6662,2025-10-19,SKU-17,Surface,97,0,L2
6663,2025-10-19,SKU-23,Material,225,8,L2
6664,2025-10-19,SKU-03,Surface,218,5,L2
6665,2025-10-19,SKU-20,Surface,201,1,L2
6666,2025-10-19,SKU-10,Assembly,170,1,L2
6667,2025-10-19,SKU-15,Surface,123,2,L2
6668,2025-10-19,SKU-02,Dimensional,132,3,L2
6669,2025-10-19,SKU-29,Assembly,121,2,L2
6670,2025-10-19,SKU-06,Surface,170,5,L3
6671,2025-10-19,SKU-01,Assembly,219,7,L3
6672,2025-10-19,SKU-22,Assembly,154,3,L3
6673,2025-10-19,SKU-12,Dimensional,141,2,L3
6674,2025-10-19,SKU-27,Dimensional,184,2,L3
6675,2025-10-19,SKU-18,Dimensional,127,0,L3
6676,2025-10-19,SKU-19,Packaging,80,0,L3
6677,2025-10-19,SKU-11,Dimensional,237,0,L3
6678,2025-10-19,SKU-16,Assembly,117,4,L3
6679,2025-10-19,SKU-23,Dimensional,161,3,L3
6680,2025-10-20,SKU-03,Dimensional,238,6,L1
6681,2025-10-20,SKU-06,Material,108,1,L1
6682,2025-10-20,SKU-19,Packaging,102,4,L1
6683,2025-10-20,SKU-27,Packaging,104,0,L1
6684,2025-10-20,SKU-17,Dimensional,137,0,L1
6685,2025-10-20,SKU-10,Material,281,12,L1
6686,2025-10-20,SKU-11,Surface,171,1,L1
6687,2025-10-20,SKU-07,Surface,80,1,L1
6688,2025-10-20,SKU-16,Surface,181,2,L1
6689,2025-10-20,SKU-21,Assembly,213,5,L1
6690,2025-10-20,SKU-28,Surface,219,3,L2
6691,2025-10-20,SKU-06,Dimensional,133,3,L2
6692,2025-10-20,SKU-07,Assembly,200,5,L2
6693,2025-10-20,SKU-04,Dimensional,247,1,L2
6694,2025-10-20,SKU-08,Assembly,113,1,L2
6695,2025-10-20,SKU-19,Material,136,3,L2
6696,2025-10-20,SKU-22,Surface,221,6,L2
6697,2025-10-20,SKU-15,Packaging,223,4,L2
6698,2025-10-20,SKU-13,Packaging,271,6,L2
6699,2025-10-20,SKU-23,Surface,204,7,L2
6700,2025-10-20,SKU-10,Assembly,206,3,L3
6701,2025-10-20,SKU-16,Dimensional,149,4,L3
6702,2025-10-20,SKU-20,Assembly,274,5,L3
6703,2025-10-20,SKU-22,Dimensional,278,0,L3
6704,2025-10-20,SKU-09,Assembly,196,3,L3
6705,2025-10-20,SKU-08,Surface,156,6,L3
6706,2025-10-20,SKU-11,Dimensional,196,3,L3
6707,2025-10-20,SKU-01,Dimensional,201,0,L3
6708,2025-10-20,SKU-27,Packaging,154,4,L3
6709,2025-10-20,SKU-14,Assembly,162,1,L3
6710,2025-10-21,SKU-12,Surface,278,9,L1
6711,2025-10-21,SKU-27,Packaging,231,3,L1
6712,2025-10-21,SKU-22,Packaging,185,2,L1
6713,2025-10-21,SKU-08,Surface,140,1,L1
6714,2025-10-21,SKU-10,Surface,162,1,L1
6715,2025-10-21,SKU-03,Material,106,2,L1
6716,2025-10-21,SKU-26,Dimensional,214,7,L1
6717,2025-10-21,SKU-16,Assembly,159,3,L1
6718,2025-10-21,SKU-01,Material,218,3,L1
6719,2025-10-21,SKU-24,Dimensional,244,6,L1
6720,2025-10-21,SKU-11,Surface,219,3,L2
6721,2025-10-21,SKU-09,Dimensional,178,1,L2
6722,2025-10-21,SKU-25,Packaging,151,2,L2
6723,2025-10-21,SKU-18,Dimensional,132,3,L2
6724,2025-10-21,SKU-28,Packaging,271,2,L2
6725,2025-10-21,SKU-26,Surface,217,2,L2
6726,2025-10-21,SKU-12,Assembly,181,2,L2
6727,2025-10-21,SKU-08,Dimensional,236,3,L2
6728,2025-10-21,SKU-23,Dimensional,260,4,L2
6729,2025-10-21,SKU-01,Packaging,161,1,L2
6730,2025-10-21,SKU-17,Assembly,215,6,L3
6731,2025-10-21,SKU-19,Dimensional,216,9,L3
6732,2025-10-21,SKU-11,Surface,285,4,L3
6733,2025-10-21,SKU-24,Assembly,180,4,L3
6734,2025-10-21,SKU-10,Dimensional,149,4,L3
6735,2025-10-21,SKU-04,Packaging,221,4,L3
6736,2025-10-21,SKU-26,Assembly,241,8,L3
6737,2025-10-21,SKU-01,Dimensional,210,3,L3
6738,2025-10-21,SKU-29,Packaging,290,8,L3
6739,2025-10-21,SKU-27,Material,180,3,L3
6740,2025-10-22,SKU-05,Material,211,4,L1
6741,2025-10-22,SKU-12,Material,118,0,L1
6742,2025-10-22,SKU-23,Dimensional,146,1,L1
6743,2025-10-22,SKU-06,Assembly,161,4,L1
6744,2025-10-22,SKU-10,Assembly,189,4,L1
6745,2025-10-22,SKU-04,Assembly,126,1,L1
6746,2025-10-22,SKU-03,Assembly,235,6,L1
6747,2025-10-22,SKU-26,Assembly,156,3,L1
6748,2025-10-22,SKU-14,Dimensional,331,6,L1
6749,2025-10-22,SKU-19,Surface,158,2,L1
6750,2025-10-22,SKU-27,Assembly,205,3,L2
6751,2025-10-22,SKU-18,Assembly,198,1,L2
6752,2025-10-22,SKU-25,Assembly,142,2,L2
6753,2025-10-22,SKU-24,Packaging,190,2,L2
6754,2025-10-22,SKU-08,Assembly,189,3,L2
6755,2025-10-22,SKU-06,Dimensional,253,4,L2
6756,2025-10-22,SKU-14,Assembly,223,3,L2
6757,2025-10-22,SKU-05,Packaging,234,5,L2
6758,2025-10-22,SKU-03,Dimensional,251,6,L2
6759,2025-10-22,SKU-22,Dimensional,235,4,L2
6760,2025-10-22,SKU-30,Surface,214,6,L3
6761,2025-10-22,SKU-14,Assembly,160,2,L3
6762,2025-10-22,SKU-03,Packaging,210,5,L3
6763,2025-10-22,SKU-18,Assembly,150,2,L3
6764,2025-10-22,SKU-24,Surface,194,0,L3
6765,2025-10-22,SKU-06,Assembly,186,3,L3
6766,2025-10-22,SKU-11,Dimensional,190,6,L3
6767,2025-10-22,SKU-19,Dimensional,127,1,L3
6768,2025-10-22,SKU-04,Surface,80,1,L3
6769,2025-10-22,SKU-17,Packaging,176,2,L3
6770,2025-10-23,SKU-17,Assembly,266,7,L1
6771,2025-10-23,SKU-26,Assembly,204,3,L1
6772,2025-10-23,SKU-02,Packaging,261,5,L1
6773,2025-10-23,SKU-05,Packaging,150,0,L1
6774,2025-10-23,SKU-11,Surface,173,4,L1
6775,2025-10-23,SKU-23,Surface,336,6,L1
6776,2025-10-23,SKU-18,Dimensional,154,1,L1
6777,2025-10-23,SKU-22,Assembly,233,0,L1
6778,2025-10-23,SKU-06,Dimensional,233,6,L1
6779,2025-10-23,SKU-29,Surface,226,4,L1
6780,2025-10-23,SKU-23,Dimensional,233,5,L2
6781,2025-10-23,SKU-09,Surface,153,5,L2
6782,2025-10-23,SKU-21,Packaging,178,4,L2
6783,2025-10-23,SKU-19,Surface,80,2,L2
6784,2025-10-23,SKU-14,Surface,288,5,L2
6785,2025-10-23,SKU-15,Assembly,233,5,L2
6786,2025-10-23,SKU-04,Assembly,161,4,L2
6787,2025-10-23,SKU-28,Dimensional,151,2,L2
6788,2025-10-23,SKU-02,Material,267,7,L2
6789,2025-10-23,SKU-20,Surface,157,1,L2
6790,2025-10-23,SKU-16,Assembly,161,4,L3
6791,2025-10-23,SKU-18,Packaging,140,3,L3
6792,2025-10-23,SKU-19,Dimensional,244,4,L3
6793,2025-10-23,SKU-26,Surface,260,4,L3
6794,2025-10-23,SKU-07,Assembly,187,1,L3
6795,2025-10-23,SKU-01,Packaging,261,3,L3
6796,2025-10-23,SKU-02,Dimensional,220,4,L3
6797,2025-10-23,SKU-15,Surface,136,1,L3
6798,2025-10-23,SKU-27,Surface,282,6,L3
6799,2025-10-23,SKU-03,Surface,139,3,L3
